Date,RetornoSetor
2002-01-02,
2002-01-03,
2002-01-04,
2002-01-07,
2002-01-08,
2002-01-09,
2002-01-10,
2002-01-11,
2002-01-14,
2002-01-15,
2002-01-16,
2002-01-17,
2002-01-18,
2002-01-22,
2002-01-23,
2002-01-24,
2002-01-25,
2002-01-28,
2002-01-29,
2002-01-30,
2002-01-31,
2002-02-01,
2002-02-04,
2002-02-05,
2002-02-06,
2002-02-07,
2002-02-08,
2002-02-11,
2002-02-12,
2002-02-13,
2002-02-14,
2002-02-15,
2002-02-19,
2002-02-20,
2002-02-21,
2002-02-22,
2002-02-25,
2002-02-26,
2002-02-27,
2002-02-28,
2002-03-01,
2002-03-04,
2002-03-05,
2002-03-06,
2002-03-07,
2002-03-08,
2002-03-11,
2002-03-12,
2002-03-13,
2002-03-14,
2002-03-15,
2002-03-18,
2002-03-19,
2002-03-20,
2002-03-21,
2002-03-22,
2002-03-25,
2002-03-26,
2002-03-27,
2002-03-28,
2002-04-01,
2002-04-02,
2002-04-03,
2002-04-04,
2002-04-05,
2002-04-08,
2002-04-09,
2002-04-10,
2002-04-11,
2002-04-12,
2002-04-15,
2002-04-16,
2002-04-17,
2002-04-18,
2002-04-19,
2002-04-22,
2002-04-23,
2002-04-24,
2002-04-25,
2002-04-26,
2002-04-29,
2002-04-30,
2002-05-01,
2002-05-02,
2002-05-03,
2002-05-06,
2002-05-07,
2002-05-08,
2002-05-09,
2002-05-10,
2002-05-13,
2002-05-14,
2002-05-15,
2002-05-16,
2002-05-17,
2002-05-20,
2002-05-21,
2002-05-22,
2002-05-23,
2002-05-24,
2002-05-28,
2002-05-29,
2002-05-30,
2002-05-31,
2002-06-03,
2002-06-04,
2002-06-05,
2002-06-06,
2002-06-07,
2002-06-10,
2002-06-11,
2002-06-12,
2002-06-13,
2002-06-14,
2002-06-17,
2002-06-18,
2002-06-19,
2002-06-20,
2002-06-21,
2002-06-24,
2002-06-25,
2002-06-26,
2002-06-27,
2002-06-28,
2002-07-01,
2002-07-02,
2002-07-03,
2002-07-05,
2002-07-08,
2002-07-09,
2002-07-10,
2002-07-11,
2002-07-12,
2002-07-15,
2002-07-16,
2002-07-17,
2002-07-18,
2002-07-19,
2002-07-22,
2002-07-23,
2002-07-24,
2002-07-25,
2002-07-26,
2002-07-29,
2002-07-30,
2002-07-31,
2002-08-01,
2002-08-02,
2002-08-05,
2002-08-06,
2002-08-07,
2002-08-08,
2002-08-09,
2002-08-12,
2002-08-13,
2002-08-14,
2002-08-15,
2002-08-16,
2002-08-19,
2002-08-20,
2002-08-21,
2002-08-22,
2002-08-23,-0.034782575524371584
2002-08-26,0.0
2002-08-27,0.0
2002-08-28,0.0
2002-08-29,0.0
2002-08-30,0.0
2002-09-03,0.0
2002-09-04,
2002-09-05,0.0
2002-09-06,0.0
2002-09-09,0.0
2002-09-10,0.0
2002-09-11,0.0
2002-09-12,0.0
2002-09-13,0.0
2002-09-16,0.0
2002-09-17,0.0
2002-09-18,0.0
2002-09-19,0.0
2002-09-20,0.0
2002-09-23,0.0
2002-09-24,0.0
2002-09-25,0.0
2002-09-26,0.0
2002-09-27,0.0
2002-09-30,0.0
2002-10-01,0.0
2002-10-02,0.0
2002-10-03,0.0
2002-10-04,0.0
2002-10-07,0.0
2002-10-08,0.0
2002-10-09,0.0
2002-10-10,0.0
2002-10-11,0.0
2002-10-14,0.0
2002-10-15,0.0
2002-10-16,0.0
2002-10-17,0.0
2002-10-18,0.0
2002-10-21,0.0
2002-10-22,0.0
2002-10-23,0.0
2002-10-24,0.0
2002-10-25,0.0
2002-10-28,0.0
2002-10-29,0.0
2002-10-30,0.0
2002-10-31,0.0
2002-11-01,0.0
2002-11-04,0.0
2002-11-05,0.0
2002-11-06,0.0
2002-11-07,0.0
2002-11-08,0.0
2002-11-11,0.0
2002-11-12,0.0
2002-11-13,0.0
2002-11-14,0.0
2002-11-15,0.0
2002-11-18,0.0
2002-11-19,0.0
2002-11-20,0.0
2002-11-21,0.0
2002-11-22,0.0
2002-11-25,0.0
2002-11-26,0.0
2002-11-27,0.0
2002-11-29,0.0
2002-12-02,-0.300675716892424
2002-12-03,0.0
2002-12-04,0.0
2002-12-05,
2002-12-06,
2002-12-09,
2002-12-10,
2002-12-11,
2002-12-12,
2002-12-13,
2002-12-16,
2002-12-17,
2002-12-18,
2002-12-19,
2002-12-20,
2002-12-23,
2002-12-24,
2002-12-26,
2002-12-27,
2002-12-30,
2002-12-31,
2003-01-02,
2003-01-03,
2003-01-06,-0.053140085638419994
2003-01-07,0.0
2003-01-08,0.003401373563511889
2003-01-09,-0.0423728813559322
2003-01-10,0.0
2003-01-13,0.0
2003-01-14,0.0
2003-01-15,0.0
2003-01-16,0.0
2003-01-17,0.0
2003-01-21,0.0
2003-01-22,0.0
2003-01-23,0.0
2003-01-24,0.0
2003-01-27,0.0
2003-01-28,0.0
2003-01-29,0.0
2003-01-30,0.0
2003-01-31,0.0
2003-02-03,0.0
2003-02-04,0.0
2003-02-05,0.0
2003-02-06,0.0
2003-02-07,0.0
2003-02-10,0.0
2003-02-11,0.0
2003-02-12,0.0
2003-02-13,0.0
2003-02-14,0.0
2003-02-18,0.0
2003-02-19,0.0
2003-02-20,0.0
2003-02-21,0.0
2003-02-24,0.0
2003-02-25,0.0
2003-02-26,0.0
2003-02-27,0.0
2003-02-28,0.0
2003-03-03,0.0
2003-03-04,0.0
2003-03-05,0.0
2003-03-06,0.0
2003-03-07,0.0
2003-03-10,0.0
2003-03-11,0.0
2003-03-12,0.0
2003-03-13,0.0
2003-03-14,0.0
2003-03-17,0.0
2003-03-18,0.0
2003-03-19,0.0
2003-03-20,0.0
2003-03-21,0.0
2003-03-24,0.0
2003-03-25,0.0
2003-03-26,0.0
2003-03-27,0.0
2003-03-28,0.0
2003-03-31,0.0
2003-04-01,0.0
2003-04-02,0.0
2003-04-03,0.0
2003-04-04,0.0
2003-04-07,0.0
2003-04-08,0.0
2003-04-09,0.0
2003-04-10,0.0
2003-04-11,0.0
2003-04-14,0.0
2003-04-15,0.0
2003-04-16,0.0
2003-04-17,0.0
2003-04-21,
2003-04-22,
2003-04-23,
2003-04-24,
2003-04-25,
2003-04-28,
2003-04-29,
2003-04-30,
2003-05-01,
2003-05-02,
2003-05-05,
2003-05-06,
2003-05-07,
2003-05-08,
2003-05-09,
2003-05-12,
2003-05-13,
2003-05-14,
2003-05-15,
2003-05-16,
2003-05-19,
2003-05-20,
2003-05-21,
2003-05-22,
2003-05-23,
2003-05-27,
2003-05-28,
2003-05-29,
2003-05-30,
2003-06-02,
2003-06-03,
2003-06-04,
2003-06-05,
2003-06-06,
2003-06-09,
2003-06-10,-0.7203539789250466
2003-06-11,0.0
2003-06-12,0.0
2003-06-13,0.0
2003-06-16,0.0
2003-06-17,0.0
2003-06-18,0.0
2003-06-19,0.0
2003-06-20,0.0
2003-06-23,0.0
2003-06-24,0.0
2003-06-25,
2003-06-26,
2003-06-27,3.8734176626879337
2003-06-30,0.0
2003-07-01,0.0
2003-07-02,0.0
2003-07-03,0.0
2003-07-07,0.0
2003-07-08,0.0
2003-07-09,0.0
2003-07-10,0.0
2003-07-11,0.0
2003-07-14,0.0
2003-07-15,0.0
2003-07-16,0.0
2003-07-17,0.0
2003-07-18,
2003-07-21,
2003-07-22,
2003-07-23,
2003-07-24,
2003-07-25,
2003-07-28,
2003-07-29,
2003-07-30,
2003-07-31,
2003-08-01,
2003-08-04,
2003-08-05,
2003-08-06,
2003-08-07,
2003-08-08,
2003-08-11,
2003-08-12,
2003-08-13,
2003-08-14,
2003-08-15,
2003-08-18,
2003-08-19,
2003-08-20,
2003-08-21,
2003-08-22,
2003-08-25,
2003-08-26,
2003-08-27,
2003-08-28,
2003-08-29,
2003-09-02,
2003-09-03,
2003-09-04,
2003-09-05,
2003-09-08,
2003-09-09,
2003-09-10,
2003-09-11,
2003-09-12,
2003-09-15,
2003-09-16,
2003-09-17,
2003-09-18,
2003-09-19,
2003-09-22,
2003-09-23,
2003-09-24,
2003-09-25,
2003-09-26,
2003-09-29,
2003-09-30,
2003-10-01,
2003-10-02,
2003-10-03,
2003-10-06,
2003-10-07,
2003-10-08,
2003-10-09,
2003-10-10,
2003-10-13,
2003-10-14,
2003-10-15,
2003-10-16,
2003-10-17,
2003-10-20,
2003-10-21,
2003-10-22,
2003-10-23,
2003-10-24,
2003-10-27,
2003-10-28,
2003-10-29,
2003-10-30,
2003-10-31,
2003-11-03,
2003-11-04,
2003-11-05,
2003-11-06,
2003-11-07,
2003-11-10,
2003-11-11,
2003-11-12,
2003-11-13,
2003-11-14,
2003-11-17,
2003-11-18,
2003-11-19,
2003-11-20,
2003-11-21,
2003-11-24,
2003-11-25,
2003-11-26,
2003-11-28,
2003-12-01,
2003-12-02,
2003-12-03,
2003-12-04,
2003-12-05,
2003-12-08,
2003-12-09,
2003-12-10,
2003-12-11,
2003-12-12,
2003-12-15,
2003-12-16,
2003-12-17,
2003-12-18,
2003-12-19,
2003-12-22,
2003-12-23,
2003-12-24,
2003-12-26,
2003-12-29,
2003-12-30,
2003-12-31,
2004-01-02,
2004-01-05,
2004-01-06,
2004-01-07,
2004-01-08,
2004-01-09,
2004-01-12,
2004-01-13,
2004-01-14,
2004-01-15,
2004-01-16,0.0
2004-01-20,0.0
2004-01-21,0.0
2004-01-22,0.0
2004-01-23,0.0
2004-01-26,0.0
2004-01-27,0.0
2004-01-28,0.0
2004-01-29,0.0
2004-01-30,0.0
2004-02-02,0.0
2004-02-03,0.0
2004-02-04,0.0
2004-02-05,0.0
2004-02-06,0.0
2004-02-09,
2004-02-10,0.0
2004-02-11,0.0
2004-02-12,0.0
2004-02-13,0.0
2004-02-17,
2004-02-18,
2004-02-19,
2004-02-20,
2004-02-23,
2004-02-24,
2004-02-25,
2004-02-26,
2004-02-27,
2004-03-01,
2004-03-02,
2004-03-03,
2004-03-04,
2004-03-05,
2004-03-08,
2004-03-09,
2004-03-10,
2004-03-11,
2004-03-12,
2004-03-15,
2004-03-16,
2004-03-17,
2004-03-18,
2004-03-19,
2004-03-22,
2004-03-23,
2004-03-24,
2004-03-25,-0.7168831267914215
2004-03-26,0.0
2004-03-29,0.0
2004-03-30,0.0
2004-03-31,4.091743297462929
2004-04-01,0.0
2004-04-02,0.0
2004-04-05,7.210121498446576e-05
2004-04-06,-0.8090227718258663
2004-04-07,0.0
2004-04-08,0.0
2004-04-12,0.0
2004-04-13,0.0
2004-04-14,0.0
2004-04-15,0.0
2004-04-16,0.0
2004-04-19,0.0
2004-04-20,0.0
2004-04-21,0.0
2004-04-22,0.0
2004-04-23,0.0
2004-04-26,0.0
2004-04-27,0.0
2004-04-28,0.0
2004-04-29,0.0
2004-04-30,0.0
2004-05-03,0.0
2004-05-04,0.0
2004-05-05,0.0
2004-05-06,0.0
2004-05-07,0.0
2004-05-10,0.0
2004-05-11,0.0
2004-05-12,0.0
2004-05-13,0.0
2004-05-14,0.0
2004-05-17,0.0
2004-05-18,0.0
2004-05-19,0.0
2004-05-20,0.0
2004-05-21,0.0
2004-05-24,0.0
2004-05-25,0.0
2004-05-26,0.0
2004-05-27,0.0
2004-05-28,0.0
2004-06-01,0.0
2004-06-02,0.0
2004-06-03,0.0
2004-06-04,0.0
2004-06-07,0.0
2004-06-08,0.0
2004-06-09,0.0
2004-06-10,
2004-06-14,
2004-06-15,
2004-06-16,
2004-06-17,
2004-06-18,
2004-06-21,
2004-06-22,
2004-06-23,
2004-06-24,
2004-06-25,
2004-06-28,
2004-06-29,
2004-06-30,
2004-07-01,
2004-07-02,
2004-07-06,
2004-07-07,
2004-07-08,
2004-07-09,
2004-07-12,
2004-07-13,
2004-07-14,
2004-07-15,
2004-07-16,
2004-07-19,
2004-07-20,
2004-07-21,
2004-07-22,
2004-07-23,3.4339621045828004
2004-07-26,0.0
2004-07-27,0.0
2004-07-28,0.0
2004-07-29,0.0
2004-07-30,0.0
2004-08-02,0.0
2004-08-03,-0.03191489361702127
2004-08-04,0.0
2004-08-05,0.0
2004-08-06,0.0
2004-08-09,0.0
2004-08-10,0.0
2004-08-11,0.0
2004-08-12,0.0
2004-08-13,0.0
2004-08-16,0.0
2004-08-17,0.0
2004-08-18,0.0
2004-08-19,0.0
2004-08-20,0.0
2004-08-23,0.0
2004-08-24,0.0
2004-08-25,0.0
2004-08-26,0.0
2004-08-27,0.0
2004-08-30,0.0
2004-08-31,0.0
2004-09-01,0.0
2004-09-02,0.0
2004-09-03,0.0
2004-09-07,
2004-09-08,
2004-09-09,
2004-09-10,
2004-09-13,
2004-09-14,
2004-09-15,
2004-09-16,
2004-09-17,
2004-09-20,
2004-09-21,
2004-09-22,
2004-09-23,
2004-09-24,
2004-09-27,
2004-09-28,
2004-09-29,
2004-09-30,
2004-10-01,
2004-10-04,
2004-10-05,
2004-10-06,
2004-10-07,
2004-10-08,
2004-10-11,
2004-10-12,
2004-10-13,
2004-10-14,
2004-10-15,
2004-10-18,
2004-10-19,
2004-10-20,
2004-10-21,
2004-10-22,
2004-10-25,
2004-10-26,
2004-10-27,
2004-10-28,
2004-10-29,
2004-11-01,
2004-11-02,
2004-11-03,
2004-11-04,
2004-11-05,
2004-11-08,
2004-11-09,
2004-11-10,
2004-11-11,
2004-11-12,
2004-11-15,
2004-11-16,
2004-11-17,
2004-11-18,
2004-11-19,
2004-11-22,
2004-11-23,0.0
2004-11-24,0.0
2004-11-26,0.0
2004-11-29,0.0
2004-11-30,0.0
2004-12-01,0.0
2004-12-02,0.0
2004-12-03,0.0
2004-12-06,0.0
2004-12-07,0.0
2004-12-08,
2004-12-09,
2004-12-10,
2004-12-13,
2004-12-14,
2004-12-15,
2004-12-16,
2004-12-17,
2004-12-20,
2004-12-21,
2004-12-22,
2004-12-23,
2004-12-27,
2004-12-28,
2004-12-29,
2004-12-30,
2004-12-31,
2005-01-03,
2005-01-04,
2005-01-05,
2005-01-06,
2005-01-07,
2005-01-10,
2005-01-11,
2005-01-12,
2005-01-13,
2005-01-14,
2005-01-18,
2005-01-19,0.04791209461924795
2005-01-20,0.0
2005-01-21,0.0
2005-01-24,0.0
2005-01-25,0.0
2005-01-26,0.0
2005-01-27,0.0
2005-01-28,0.0
2005-01-31,0.0
2005-02-01,0.0
2005-02-02,0.0
2005-02-03,0.0
2005-02-04,0.0
2005-02-07,0.0
2005-02-08,0.0
2005-02-09,0.0
2005-02-10,0.0
2005-02-11,0.0
2005-02-14,0.0
2005-02-15,0.0
2005-02-16,0.0
2005-02-17,0.0
2005-02-18,0.0
2005-02-22,0.0
2005-02-23,0.0
2005-02-24,0.0
2005-02-25,0.0
2005-02-28,0.0
2005-03-01,0.0
2005-03-02,0.0
2005-03-03,0.0
2005-03-04,0.0
2005-03-07,0.0
2005-03-08,0.0
2005-03-09,0.0
2005-03-10,0.0
2005-03-11,0.0
2005-03-14,0.0
2005-03-15,0.0
2005-03-16,0.0
2005-03-17,0.0
2005-03-18,0.0
2005-03-21,
2005-03-22,
2005-03-23,
2005-03-24,
2005-03-28,
2005-03-29,
2005-03-30,
2005-03-31,
2005-04-01,
2005-04-04,
2005-04-05,
2005-04-06,
2005-04-07,
2005-04-08,
2005-04-11,
2005-04-12,
2005-04-13,
2005-04-14,
2005-04-15,
2005-04-18,
2005-04-19,
2005-04-20,
2005-04-21,
2005-04-22,
2005-04-25,
2005-04-26,
2005-04-27,
2005-04-28,
2005-04-29,
2005-05-02,
2005-05-03,
2005-05-04,
2005-05-05,
2005-05-06,
2005-05-09,
2005-05-10,
2005-05-11,
2005-05-12,
2005-05-13,
2005-05-16,
2005-05-17,
2005-05-18,
2005-05-19,
2005-05-20,
2005-05-23,
2005-05-24,
2005-05-25,
2005-05-26,
2005-05-27,
2005-05-31,
2005-06-01,
2005-06-02,
2005-06-03,
2005-06-06,
2005-06-07,
2005-06-08,
2005-06-09,
2005-06-10,
2005-06-13,
2005-06-14,
2005-06-15,
2005-06-16,
2005-06-17,
2005-06-20,
2005-06-21,
2005-06-22,
2005-06-23,
2005-06-24,
2005-06-27,
2005-06-28,
2005-06-29,
2005-06-30,
2005-07-01,
2005-07-05,
2005-07-06,
2005-07-07,
2005-07-08,
2005-07-11,
2005-07-12,
2005-07-13,
2005-07-14,
2005-07-15,
2005-07-18,
2005-07-19,
2005-07-20,
2005-07-21,
2005-07-22,
2005-07-25,
2005-07-26,
2005-07-27,
2005-07-28,
2005-07-29,
2005-08-01,
2005-08-02,
2005-08-03,
2005-08-04,
2005-08-05,
2005-08-08,
2005-08-09,
2005-08-10,
2005-08-11,
2005-08-12,
2005-08-15,
2005-08-16,
2005-08-17,
2005-08-18,
2005-08-19,
2005-08-22,
2005-08-23,
2005-08-24,
2005-08-25,
2005-08-26,
2005-08-29,
2005-08-30,
2005-08-31,
2005-09-01,
2005-09-02,0.10109059697931655
2005-09-06,0.0
2005-09-07,0.0
2005-09-08,0.0
2005-09-09,0.0
2005-09-12,0.0
2005-09-13,0.0
2005-09-14,0.0
2005-09-15,0.0
2005-09-16,0.0
2005-09-19,
2005-09-20,
2005-09-21,
2005-09-22,
2005-09-23,
2005-09-26,
2005-09-27,
2005-09-28,
2005-09-29,
2005-09-30,
2005-10-03,
2005-10-04,-0.04380950927734373
2005-10-05,0.0
2005-10-06,0.0
2005-10-07,0.0
2005-10-10,0.0
2005-10-11,0.0
2005-10-12,0.0
2005-10-13,0.0
2005-10-14,0.0
2005-10-17,0.0
2005-10-18,0.00398407888246699
2005-10-19,0.0
2005-10-20,0.0
2005-10-21,0.0
2005-10-24,0.0
2005-10-25,0.0
2005-10-26,0.0
2005-10-27,0.0
2005-10-28,0.0
2005-10-31,0.0
2005-11-01,0.03174600050953447
2005-11-02,0.0076923370361328125
2005-11-03,0.0
2005-11-04,
2005-11-07,
2005-11-08,
2005-11-09,
2005-11-10,
2005-11-11,
2005-11-14,
2005-11-15,
2005-11-16,
2005-11-17,
2005-11-18,
2005-11-21,
2005-11-22,
2005-11-23,
2005-11-25,
2005-11-28,
2005-11-29,
2005-11-30,
2005-12-01,
2005-12-02,
2005-12-05,
2005-12-06,
2005-12-07,
2005-12-08,
2005-12-09,0.0
2005-12-12,0.0
2005-12-13,0.0
2005-12-14,0.0
2005-12-15,0.0
2005-12-16,0.0
2005-12-19,0.0
2005-12-20,0.0
2005-12-21,0.0
2005-12-22,0.0
2005-12-23,0.07824424341087499
2005-12-27,0.0
2005-12-28,0.0
2005-12-29,0.0
2005-12-30,0.0
2006-01-03,0.0
2006-01-04,0.0
2006-01-05,0.0
2006-01-06,0.0
2006-01-09,0.0
2006-01-10,0.0
2006-01-11,0.0
2006-01-12,0.0
2006-01-13,0.0
2006-01-17,0.0
2006-01-18,0.0
2006-01-19,0.0
2006-01-20,0.0
2006-01-23,
2006-01-24,
2006-01-25,
2006-01-26,
2006-01-27,
2006-01-30,
2006-01-31,
2006-02-01,
2006-02-02,
2006-02-03,
2006-02-06,
2006-02-07,
2006-02-08,
2006-02-09,
2006-02-10,
2006-02-13,
2006-02-14,
2006-02-15,
2006-02-16,
2006-02-17,
2006-02-21,
2006-02-22,
2006-02-23,
2006-02-24,
2006-02-27,
2006-02-28,
2006-03-01,
2006-03-02,
2006-03-03,
2006-03-06,
2006-03-07,
2006-03-08,
2006-03-09,
2006-03-10,
2006-03-13,
2006-03-14,
2006-03-15,
2006-03-16,
2006-03-17,
2006-03-20,
2006-03-21,
2006-03-22,
2006-03-23,
2006-03-24,
2006-03-27,
2006-03-28,
2006-03-29,
2006-03-30,
2006-03-31,
2006-04-03,
2006-04-04,
2006-04-05,
2006-04-06,
2006-04-07,
2006-04-10,
2006-04-11,
2006-04-12,
2006-04-13,
2006-04-17,
2006-04-18,
2006-04-19,
2006-04-20,
2006-04-21,
2006-04-24,
2006-04-25,
2006-04-26,
2006-04-27,
2006-04-28,
2006-05-01,
2006-05-02,
2006-05-03,
2006-05-04,
2006-05-05,
2006-05-08,
2006-05-09,
2006-05-10,
2006-05-11,
2006-05-12,
2006-05-15,
2006-05-16,
2006-05-17,
2006-05-18,
2006-05-19,
2006-05-22,
2006-05-23,
2006-05-24,
2006-05-25,
2006-05-26,
2006-05-30,
2006-05-31,
2006-06-01,
2006-06-02,
2006-06-05,
2006-06-06,
2006-06-07,
2006-06-08,
2006-06-09,
2006-06-12,
2006-06-13,
2006-06-14,
2006-06-15,
2006-06-16,
2006-06-19,
2006-06-20,
2006-06-21,
2006-06-22,
2006-06-23,
2006-06-26,
2006-06-27,
2006-06-28,
2006-06-29,
2006-06-30,
2006-07-03,
2006-07-05,
2006-07-06,
2006-07-07,
2006-07-10,
2006-07-11,
2006-07-12,
2006-07-13,
2006-07-14,
2006-07-17,
2006-07-18,
2006-07-19,
2006-07-20,
2006-07-21,
2006-07-24,
2006-07-25,
2006-07-26,
2006-07-27,0.332743416845271
2006-07-28,
2006-07-31,0.0
2006-08-01,0.0
2006-08-02,0.0
2006-08-03,0.0
2006-08-04,0.0
2006-08-07,0.0
2006-08-08,0.0
2006-08-09,
2006-08-10,
2006-08-11,
2006-08-14,
2006-08-15,
2006-08-16,
2006-08-17,
2006-08-18,
2006-08-21,
2006-08-22,
2006-08-23,
2006-08-24,
2006-08-25,
2006-08-28,
2006-08-29,
2006-08-30,
2006-08-31,
2006-09-01,
2006-09-05,
2006-09-06,
2006-09-07,
2006-09-08,
2006-09-11,
2006-09-12,
2006-09-13,
2006-09-14,
2006-09-15,
2006-09-18,
2006-09-19,
2006-09-20,
2006-09-21,
2006-09-22,
2006-09-25,
2006-09-26,
2006-09-27,
2006-09-28,
2006-09-29,
2006-10-02,
2006-10-03,
2006-10-04,
2006-10-05,
2006-10-06,
2006-10-09,
2006-10-10,
2006-10-11,
2006-10-12,
2006-10-13,
2006-10-16,
2006-10-17,
2006-10-18,
2006-10-19,
2006-10-20,
2006-10-23,
2006-10-24,
2006-10-25,
2006-10-26,
2006-10-27,
2006-10-30,
2006-10-31,
2006-11-01,
2006-11-02,
2006-11-03,
2006-11-06,
2006-11-07,
2006-11-08,
2006-11-09,
2006-11-10,
2006-11-13,
2006-11-14,
2006-11-15,
2006-11-16,
2006-11-17,
2006-11-20,
2006-11-21,
2006-11-22,
2006-11-24,
2006-11-27,
2006-11-28,
2006-11-29,
2006-11-30,
2006-12-01,
2006-12-04,
2006-12-05,
2006-12-06,
2006-12-07,
2006-12-08,
2006-12-11,
2006-12-12,
2006-12-13,
2006-12-14,
2006-12-15,
2006-12-18,
2006-12-19,
2006-12-20,
2006-12-21,
2006-12-22,
2006-12-26,
2006-12-27,
2006-12-28,
2006-12-29,
2007-01-03,
2007-01-04,
2007-01-05,
2007-01-08,
2007-01-09,
2007-01-10,
2007-01-11,
2007-01-12,
2007-01-16,
2007-01-17,
2007-01-18,
2007-01-19,
2007-01-22,
2007-01-23,
2007-01-24,
2007-01-25,
2007-01-26,
2007-01-29,
2007-01-30,
2007-01-31,
2007-02-01,
2007-02-02,
2007-02-05,
2007-02-06,
2007-02-07,
2007-02-08,
2007-02-09,
2007-02-12,
2007-02-13,
2007-02-14,
2007-02-15,
2007-02-16,
2007-02-20,
2007-02-21,
2007-02-22,
2007-02-23,
2007-02-26,
2007-02-27,
2007-02-28,
2007-03-01,
2007-03-02,
2007-03-05,
2007-03-06,
2007-03-07,
2007-03-08,
2007-03-09,
2007-03-12,
2007-03-13,
2007-03-14,
2007-03-15,
2007-03-16,
2007-03-19,
2007-03-20,
2007-03-21,
2007-03-22,
2007-03-23,
2007-03-26,
2007-03-27,
2007-03-28,
2007-03-29,
2007-03-30,
2007-04-02,
2007-04-03,
2007-04-04,
2007-04-05,
2007-04-09,
2007-04-10,
2007-04-11,
2007-04-12,
2007-04-13,
2007-04-16,
2007-04-17,
2007-04-18,
2007-04-19,
2007-04-20,
2007-04-23,
2007-04-24,
2007-04-25,
2007-04-26,
2007-04-27,
2007-04-30,
2007-05-01,
2007-05-02,
2007-05-03,
2007-05-04,
2007-05-07,
2007-05-08,
2007-05-09,
2007-05-10,
2007-05-11,
2007-05-14,
2007-05-15,
2007-05-16,
2007-05-17,
2007-05-18,
2007-05-21,
2007-05-22,
2007-05-23,
2007-05-24,
2007-05-25,
2007-05-29,
2007-05-30,
2007-05-31,
2007-06-01,
2007-06-04,
2007-06-05,
2007-06-06,
2007-06-07,
2007-06-08,
2007-06-11,
2007-06-12,
2007-06-13,
2007-06-14,
2007-06-15,
2007-06-18,
2007-06-19,
2007-06-20,
2007-06-21,
2007-06-22,
2007-06-25,
2007-06-26,
2007-06-27,
2007-06-28,
2007-06-29,
2007-07-02,
2007-07-03,
2007-07-05,
2007-07-06,
2007-07-09,
2007-07-10,
2007-07-11,
2007-07-12,
2007-07-13,
2007-07-16,
2007-07-17,
2007-07-18,
2007-07-19,
2007-07-20,
2007-07-23,
2007-07-24,
2007-07-25,
2007-07-26,-0.024701183060725884
2007-07-27,
2007-07-30,
2007-07-31,
2007-08-01,
2007-08-02,
2007-08-03,
2007-08-06,
2007-08-07,
2007-08-08,
2007-08-09,
2007-08-10,
2007-08-13,
2007-08-14,
2007-08-15,
2007-08-16,
2007-08-17,
2007-08-20,
2007-08-21,
2007-08-22,
2007-08-23,
2007-08-24,
2007-08-27,
2007-08-28,
2007-08-29,
2007-08-30,0.03380778799623396
2007-08-31,0.0
2007-09-04,
2007-09-05,
2007-09-06,
2007-09-07,
2007-09-10,
2007-09-11,
2007-09-12,
2007-09-13,
2007-09-14,
2007-09-17,
2007-09-18,
2007-09-19,
2007-09-20,
2007-09-21,
2007-09-24,
2007-09-25,
2007-09-26,
2007-09-27,
2007-09-28,
2007-10-01,
2007-10-02,
2007-10-03,
2007-10-04,-0.009466424294409026
2007-10-05,0.0
2007-10-08,
2007-10-09,
2007-10-10,
2007-10-11,
2007-10-12,
2007-10-15,
2007-10-16,
2007-10-17,
2007-10-18,
2007-10-19,
2007-10-22,
2007-10-23,
2007-10-24,
2007-10-25,
2007-10-26,
2007-10-29,
2007-10-30,
2007-10-31,
2007-11-01,
2007-11-02,
2007-11-05,
2007-11-06,
2007-11-07,
2007-11-08,
2007-11-09,
2007-11-12,
2007-11-13,
2007-11-14,
2007-11-15,
2007-11-16,
2007-11-19,
2007-11-20,
2007-11-21,
2007-11-23,
2007-11-26,
2007-11-27,0.0
2007-11-28,
2007-11-29,
2007-11-30,
2007-12-03,
2007-12-04,
2007-12-05,
2007-12-06,
2007-12-07,
2007-12-10,
2007-12-11,
2007-12-12,
2007-12-13,
2007-12-14,
2007-12-17,
2007-12-18,
2007-12-19,
2007-12-20,
2007-12-21,
2007-12-24,
2007-12-26,
2007-12-27,
2007-12-28,
2007-12-31,
2008-01-02,
2008-01-03,
2008-01-04,
2008-01-07,
2008-01-08,
2008-01-09,
2008-01-10,
2008-01-11,
2008-01-14,
2008-01-15,
2008-01-16,
2008-01-17,-0.28139535770859825
2008-01-18,0.0
2008-01-22,
2008-01-23,
2008-01-24,
2008-01-25,
2008-01-28,
2008-01-29,
2008-01-30,
2008-01-31,
2008-02-01,
2008-02-04,
2008-02-05,
2008-02-06,
2008-02-07,
2008-02-08,
2008-02-11,
2008-02-12,
2008-02-13,
2008-02-14,
2008-02-15,
2008-02-19,
2008-02-20,
2008-02-21,
2008-02-22,0.03236245994644982
2008-02-25,
2008-02-26,
2008-02-27,
2008-02-28,
2008-02-29,
2008-03-03,
2008-03-04,-0.024038460950644547
2008-03-05,
2008-03-06,
2008-03-07,
2008-03-10,
2008-03-11,
2008-03-12,
2008-03-13,
2008-03-14,
2008-03-17,
2008-03-18,
2008-03-19,
2008-03-20,
2008-03-24,
2008-03-25,
2008-03-26,-0.1773399471454602
2008-03-27,0.0
2008-03-28,
2008-03-31,
2008-04-01,
2008-04-02,
2008-04-03,
2008-04-04,
2008-04-07,
2008-04-08,
2008-04-09,
2008-04-10,
2008-04-11,0.12974052291353955
2008-04-14,
2008-04-15,
2008-04-16,
2008-04-17,
2008-04-18,
2008-04-21,
2008-04-22,
2008-04-23,
2008-04-24,
2008-04-25,
2008-04-28,
2008-04-29,
2008-04-30,
2008-05-01,
2008-05-02,
2008-05-05,
2008-05-06,
2008-05-07,
2008-05-08,
2008-05-09,
2008-05-12,
2008-05-13,
2008-05-14,
2008-05-15,
2008-05-16,
2008-05-19,
2008-05-20,
2008-05-21,
2008-05-22,
2008-05-23,
2008-05-27,
2008-05-28,
2008-05-29,
2008-05-30,
2008-06-02,
2008-06-03,
2008-06-04,
2008-06-05,
2008-06-06,
2008-06-09,
2008-06-10,
2008-06-11,
2008-06-12,
2008-06-13,
2008-06-16,
2008-06-17,
2008-06-18,-0.19964663501231691
2008-06-19,
2008-06-20,-0.07726269445798584
2008-06-23,
2008-06-24,-0.016746430041051807
2008-06-25,
2008-06-26,
2008-06-27,
2008-06-30,
2008-07-01,
2008-07-02,
2008-07-03,
2008-07-07,
2008-07-08,
2008-07-09,
2008-07-10,
2008-07-11,
2008-07-14,
2008-07-15,
2008-07-16,
2008-07-17,
2008-07-18,
2008-07-21,
2008-07-22,
2008-07-23,
2008-07-24,
2008-07-25,
2008-07-28,
2008-07-29,
2008-07-30,
2008-07-31,
2008-08-01,
2008-08-04,
2008-08-05,
2008-08-06,
2008-08-07,
2008-08-08,
2008-08-11,
2008-08-12,
2008-08-13,
2008-08-14,
2008-08-15,
2008-08-18,
2008-08-19,
2008-08-20,
2008-08-21,
2008-08-22,
2008-08-25,
2008-08-26,
2008-08-27,
2008-08-28,
2008-08-29,
2008-09-02,
2008-09-03,
2008-09-04,
2008-09-05,
2008-09-08,
2008-09-09,
2008-09-10,
2008-09-11,
2008-09-12,
2008-09-15,
2008-09-16,0.29683701255174677
2008-09-17,
2008-09-18,
2008-09-19,
2008-09-22,
2008-09-23,
2008-09-24,
2008-09-25,
2008-09-26,
2008-09-29,
2008-09-30,
2008-10-01,0.022522521748499003
2008-10-02,
2008-10-03,
2008-10-06,
2008-10-07,
2008-10-08,-0.06828198644555761
2008-10-09,
2008-10-10,
2008-10-13,
2008-10-14,
2008-10-15,
2008-10-16,0.05673762574861185
2008-10-17,
2008-10-20,-0.04474272854281891
2008-10-21,
2008-10-22,
2008-10-23,
2008-10-24,
2008-10-27,
2008-10-28,
2008-10-29,-0.058548008321578804
2008-10-30,
2008-10-31,0.05970143446848408
2008-11-03,
2008-11-04,
2008-11-05,
2008-11-06,
2008-11-07,
2008-11-10,
2008-11-11,
2008-11-12,
2008-11-13,
2008-11-14,
2008-11-17,
2008-11-18,
2008-11-19,
2008-11-20,
2008-11-21,
2008-11-24,
2008-11-25,
2008-11-26,
2008-11-28,
2008-12-01,
2008-12-02,
2008-12-03,
2008-12-04,
2008-12-05,
2008-12-08,
2008-12-09,
2008-12-10,
2008-12-11,
2008-12-12,
2008-12-15,
2008-12-16,
2008-12-17,
2008-12-18,
2008-12-19,
2008-12-22,
2008-12-23,
2008-12-24,
2008-12-26,
2008-12-29,
2008-12-30,
2008-12-31,
2009-01-02,
2009-01-05,
2009-01-06,
2009-01-07,
2009-01-08,
2009-01-09,
2009-01-12,
2009-01-13,
2009-01-14,
2009-01-15,
2009-01-16,
2009-01-20,
2009-01-21,
2009-01-22,
2009-01-23,
2009-01-26,
2009-01-27,
2009-01-28,
2009-01-29,
2009-01-30,
2009-02-02,
2009-02-03,
2009-02-04,
2009-02-05,
2009-02-06,
2009-02-09,
2009-02-10,
2009-02-11,
2009-02-12,
2009-02-13,
2009-02-17,
2009-02-18,
2009-02-19,
2009-02-20,
2009-02-23,
2009-02-24,
2009-02-25,
2009-02-26,
2009-02-27,
2009-03-02,
2009-03-03,
2009-03-04,0.2633803197790985
2009-03-05,
2009-03-06,
2009-03-09,
2009-03-10,
2009-03-11,
2009-03-12,
2009-03-13,
2009-03-16,
2009-03-17,
2009-03-18,
2009-03-19,
2009-03-20,
2009-03-23,
2009-03-24,
2009-03-25,
2009-03-26,
2009-03-27,
2009-03-30,
2009-03-31,
2009-04-01,
2009-04-02,
2009-04-03,
2009-04-06,
2009-04-07,
2009-04-08,
2009-04-09,
2009-04-13,
2009-04-14,
2009-04-15,
2009-04-16,
2009-04-17,
2009-04-20,
2009-04-21,0.13489413187285182
2009-04-22,
2009-04-23,
2009-04-24,
2009-04-27,
2009-04-28,-0.018336652144836596
2009-04-29,
2009-04-30,
2009-05-01,
2009-05-04,
2009-05-05,
2009-05-06,
2009-05-07,
2009-05-08,
2009-05-11,
2009-05-12,
2009-05-13,
2009-05-14,
2009-05-15,
2009-05-18,
2009-05-19,
2009-05-20,
2009-05-21,
2009-05-22,
2009-05-26,
2009-05-27,0.11240823827021917
2009-05-28,
2009-05-29,
2009-06-01,
2009-06-02,
2009-06-03,
2009-06-04,
2009-06-05,
2009-06-08,
2009-06-09,
2009-06-10,
2009-06-11,
2009-06-12,
2009-06-15,
2009-06-16,
2009-06-17,
2009-06-18,
2009-06-19,
2009-06-22,
2009-06-23,-0.04347822854372807
2009-06-24,
2009-06-25,
2009-06-26,0.007837050480822283
2009-06-29,
2009-06-30,
2009-07-01,
2009-07-02,
2009-07-06,
2009-07-07,
2009-07-08,
2009-07-09,
2009-07-10,
2009-07-13,
2009-07-14,
2009-07-15,
2009-07-16,
2009-07-17,
2009-07-20,
2009-07-21,
2009-07-22,
2009-07-23,
2009-07-24,
2009-07-27,
2009-07-28,
2009-07-29,
2009-07-30,
2009-07-31,
2009-08-03,
2009-08-04,0.24105753132738417
2009-08-05,
2009-08-06,
2009-08-07,
2009-08-10,
2009-08-11,
2009-08-12,
2009-08-13,
2009-08-14,
2009-08-17,
2009-08-18,
2009-08-19,
2009-08-20,
2009-08-21,
2009-08-24,
2009-08-25,
2009-08-26,
2009-08-27,
2009-08-28,
2009-08-31,
2009-09-01,
2009-09-02,
2009-09-03,
2009-09-04,
2009-09-08,
2009-09-09,
2009-09-10,
2009-09-11,
2009-09-14,
2009-09-15,
2009-09-16,
2009-09-17,
2009-09-18,
2009-09-21,
2009-09-22,
2009-09-23,
2009-09-24,
2009-09-25,
2009-09-28,
2009-09-29,
2009-09-30,
2009-10-01,
2009-10-02,-0.05513786162420431
2009-10-05,
2009-10-06,
2009-10-07,
2009-10-08,
2009-10-09,
2009-10-12,
2009-10-13,
2009-10-14,
2009-10-15,
2009-10-16,
2009-10-19,
2009-10-20,
2009-10-21,
2009-10-22,
2009-10-23,
2009-10-26,
2009-10-27,
2009-10-28,
2009-10-29,
2009-10-30,
2009-11-02,
2009-11-03,
2009-11-04,
2009-11-05,
2009-11-06,
2009-11-09,
2009-11-10,
2009-11-11,
2009-11-12,
2009-11-13,
2009-11-16,
2009-11-17,
2009-11-18,
2009-11-19,
2009-11-20,
2009-11-23,
2009-11-24,
2009-11-25,
2009-11-27,
2009-11-30,0.03315649800274789
2009-12-01,
2009-12-02,
2009-12-03,
2009-12-04,
2009-12-07,
2009-12-08,
2009-12-09,
2009-12-10,
2009-12-11,
2009-12-14,
2009-12-15,
2009-12-16,
2009-12-17,
2009-12-18,
2009-12-21,
2009-12-22,
2009-12-23,
2009-12-24,
2009-12-28,
2009-12-29,
2009-12-30,
2009-12-31,
2010-01-04,
2010-01-05,-0.10526321459586396
2010-01-06,
2010-01-07,
2010-01-08,
2010-01-11,
2010-01-12,
2010-01-13,
2010-01-14,
2010-01-15,
2010-01-19,
2010-01-20,
2010-01-21,
2010-01-22,
2010-01-25,
2010-01-26,
2010-01-27,
2010-01-28,
2010-01-29,0.06197991225210764
2010-02-01,
2010-02-02,
2010-02-03,
2010-02-04,
2010-02-05,
2010-02-08,
2010-02-09,-0.08916507394545159
2010-02-10,0.06051619611188297
2010-02-11,
2010-02-12,
2010-02-16,
2010-02-17,-0.03552448832905375
2010-02-18,
2010-02-19,
2010-02-22,
2010-02-23,
2010-02-24,
2010-02-25,
2010-02-26,
2010-03-01,
2010-03-02,
2010-03-03,
2010-03-04,
2010-03-05,
2010-03-08,
2010-03-09,
2010-03-10,
2010-03-11,
2010-03-12,0.15284224268356428
2010-03-15,
2010-03-16,
2010-03-17,
2010-03-18,
2010-03-19,
2010-03-22,
2010-03-23,
2010-03-24,
2010-03-25,
2010-03-26,
2010-03-29,
2010-03-30,
2010-03-31,
2010-04-01,
2010-04-05,
2010-04-06,
2010-04-07,
2010-04-08,
2010-04-09,
2010-04-12,
2010-04-13,
2010-04-14,
2010-04-15,
2010-04-16,
2010-04-19,
2010-04-20,
2010-04-21,
2010-04-22,
2010-04-23,
2010-04-26,
2010-04-27,
2010-04-28,
2010-04-29,
2010-04-30,
2010-05-03,
2010-05-04,
2010-05-05,
2010-05-06,
2010-05-07,
2010-05-10,
2010-05-11,
2010-05-12,
2010-05-13,
2010-05-14,
2010-05-17,-0.14918239761448504
2010-05-18,
2010-05-19,
2010-05-20,
2010-05-21,
2010-05-24,
2010-05-25,-0.12034298437462988
2010-05-26,
2010-05-27,
2010-05-28,
2010-06-01,
2010-06-02,
2010-06-03,
2010-06-04,
2010-06-07,
2010-06-08,
2010-06-09,
2010-06-10,
2010-06-11,
2010-06-14,
2010-06-15,
2010-06-16,
2010-06-17,
2010-06-18,
2010-06-21,
2010-06-22,
2010-06-23,
2010-06-24,
2010-06-25,
2010-06-28,
2010-06-29,
2010-06-30,
2010-07-01,
2010-07-02,
2010-07-06,
2010-07-07,
2010-07-08,
2010-07-09,
2010-07-12,
2010-07-13,
2010-07-14,0.10084033613445387
2010-07-15,-0.018320564095300584
2010-07-16,
2010-07-19,
2010-07-20,-0.01710734427077587
2010-07-21,
2010-07-22,0.02341771399319659
2010-07-23,
2010-07-26,
2010-07-27,
2010-07-28,
2010-07-29,
2010-07-30,
2010-08-02,
2010-08-03,
2010-08-04,
2010-08-05,
2010-08-06,
2010-08-09,
2010-08-10,
2010-08-11,
2010-08-12,
2010-08-13,
2010-08-16,
2010-08-17,
2010-08-18,
2010-08-19,
2010-08-20,
2010-08-23,
2010-08-24,-0.04143476024321113
2010-08-25,
2010-08-26,
2010-08-27,
2010-08-30,
2010-08-31,
2010-09-01,0.056451612903225756
2010-09-02,
2010-09-03,
2010-09-07,
2010-09-08,
2010-09-09,
2010-09-10,
2010-09-13,
2010-09-14,
2010-09-15,
2010-09-16,
2010-09-17,
2010-09-20,
2010-09-21,
2010-09-22,
2010-09-23,
2010-09-24,
2010-09-27,
2010-09-28,
2010-09-29,
2010-09-30,
2010-10-01,
2010-10-04,
2010-10-05,
2010-10-06,
2010-10-07,
2010-10-08,
2010-10-11,
2010-10-12,
2010-10-13,
2010-10-14,
2010-10-15,
2010-10-18,
2010-10-19,
2010-10-20,
2010-10-21,
2010-10-22,
2010-10-25,
2010-10-26,
2010-10-27,
2010-10-28,
2010-10-29,
2010-11-01,
2010-11-02,
2010-11-03,
2010-11-04,
2010-11-05,
2010-11-08,
2010-11-09,
2010-11-10,
2010-11-11,
2010-11-12,
2010-11-15,
2010-11-16,
2010-11-17,-0.021374069097387927
2010-11-18,
2010-11-19,-0.00780031219816435
2010-11-22,
2010-11-23,
2010-11-24,
2010-11-26,
2010-11-29,
2010-11-30,
2010-12-01,
2010-12-02,
2010-12-03,
2010-12-06,
2010-12-07,
2010-12-08,
2010-12-09,
2010-12-10,
2010-12-13,0.07798740885962263
2010-12-14,
2010-12-15,
2010-12-16,
2010-12-17,
2010-12-20,
2010-12-21,
2010-12-22,
2010-12-23,
2010-12-27,
2010-12-28,
2010-12-29,
2010-12-30,
2010-12-31,
2011-01-03,
2011-01-04,
2011-01-05,
2011-01-06,
2011-01-07,
2011-01-10,
2011-01-11,0.012252100309182001
2011-01-12,
2011-01-13,
2011-01-14,
2011-01-18,
2011-01-19,
2011-01-20,
2011-01-21,
2011-01-24,
2011-01-25,
2011-01-26,
2011-01-27,
2011-01-28,
2011-01-31,
2011-02-01,
2011-02-02,0.0971181227028679
2011-02-03,
2011-02-04,-0.05752557510544776
2011-02-07,0.007525096146209664
2011-02-08,
2011-02-09,
2011-02-10,
2011-02-11,
2011-02-14,
2011-02-15,
2011-02-16,
2011-02-17,
2011-02-18,
2011-02-22,
2011-02-23,
2011-02-24,
2011-02-25,
2011-02-28,
2011-03-01,
2011-03-02,
2011-03-03,
2011-03-04,
2011-03-07,
2011-03-08,
2011-03-09,
2011-03-10,
2011-03-11,
2011-03-14,
2011-03-15,
2011-03-16,
2011-03-17,
2011-03-18,
2011-03-21,
2011-03-22,
2011-03-23,
2011-03-24,
2011-03-25,
2011-03-28,-0.034578145151810125
2011-03-29,
2011-03-30,
2011-03-31,
2011-04-01,
2011-04-04,
2011-04-05,
2011-04-06,
2011-04-07,
2011-04-08,
2011-04-11,
2011-04-12,
2011-04-13,
2011-04-14,
2011-04-15,
2011-04-18,
2011-04-19,
2011-04-20,
2011-04-21,
2011-04-25,
2011-04-26,0.021489970407132075
2011-04-27,
2011-04-28,
2011-04-29,
2011-05-02,
2011-05-03,
2011-05-04,
2011-05-05,
2011-05-06,
2011-05-09,
2011-05-10,
2011-05-11,
2011-05-12,
2011-05-13,
2011-05-16,
2011-05-17,
2011-05-18,
2011-05-19,
2011-05-20,
2011-05-23,
2011-05-24,
2011-05-25,
2011-05-26,
2011-05-27,
2011-05-31,
2011-06-01,
2011-06-02,
2011-06-03,
2011-06-06,
2011-06-07,
2011-06-08,0.008695583319084044
2011-06-09,
2011-06-10,-0.0369854852674818
2011-06-13,
2011-06-14,0.014149519164199154
2011-06-15,
2011-06-16,
2011-06-17,
2011-06-20,
2011-06-21,
2011-06-22,
2011-06-23,
2011-06-24,
2011-06-27,
2011-06-28,
2011-06-29,
2011-06-30,
2011-07-01,
2011-07-05,
2011-07-06,
2011-07-07,
2011-07-08,
2011-07-11,
2011-07-12,
2011-07-13,
2011-07-14,
2011-07-15,
2011-07-18,
2011-07-19,
2011-07-20,-0.007687940375150304
2011-07-21,
2011-07-22,
2011-07-25,
2011-07-26,
2011-07-27,
2011-07-28,
2011-07-29,
2011-08-01,
2011-08-02,
2011-08-03,
2011-08-04,
2011-08-05,
2011-08-08,
2011-08-09,
2011-08-10,
2011-08-11,
2011-08-12,
2011-08-15,
2011-08-16,
2011-08-17,
2011-08-18,
2011-08-19,
2011-08-22,
2011-08-23,
2011-08-24,
2011-08-25,
2011-08-26,
2011-08-29,
2011-08-30,
2011-08-31,
2011-09-01,
2011-09-02,
2011-09-06,
2011-09-07,
2011-09-08,
2011-09-09,
2011-09-12,
2011-09-13,
2011-09-14,
2011-09-15,
2011-09-16,
2011-09-19,
2011-09-20,
2011-09-21,
2011-09-22,
2011-09-23,
2011-09-26,
2011-09-27,
2011-09-28,
2011-09-29,
2011-09-30,-0.1449067276376088
2011-10-03,
2011-10-04,
2011-10-05,0.006711435169794332
2011-10-06,
2011-10-07,
2011-10-10,
2011-10-11,
2011-10-12,
2011-10-13,
2011-10-14,
2011-10-17,
2011-10-18,
2011-10-19,
2011-10-20,
2011-10-21,
2011-10-24,
2011-10-25,
2011-10-26,
2011-10-27,
2011-10-28,
2011-10-31,
2011-11-01,
2011-11-02,
2011-11-03,
2011-11-04,
2011-11-07,
2011-11-08,
2011-11-09,
2011-11-10,
2011-11-11,
2011-11-14,
2011-11-15,
2011-11-16,
2011-11-17,
2011-11-18,
2011-11-21,
2011-11-22,
2011-11-23,
2011-11-25,
2011-11-28,
2011-11-29,
2011-11-30,
2011-12-01,
2011-12-02,
2011-12-05,
2011-12-06,
2011-12-07,
2011-12-08,
2011-12-09,
2011-12-12,
2011-12-13,
2011-12-14,
2011-12-15,
2011-12-16,
2011-12-19,
2011-12-20,0.08333333333333326
2011-12-21,
2011-12-22,
2011-12-23,
2011-12-27,
2011-12-28,
2011-12-29,
2011-12-30,
2012-01-03,
2012-01-04,
2012-01-05,
2012-01-06,
2012-01-09,
2012-01-10,
2012-01-11,
2012-01-12,
2012-01-13,
2012-01-17,
2012-01-18,
2012-01-19,
2012-01-20,
2012-01-23,
2012-01-24,
2012-01-25,
2012-01-26,
2012-01-27,
2012-01-30,
2012-01-31,
2012-02-01,
2012-02-02,
2012-02-03,
2012-02-06,
2012-02-07,
2012-02-08,-0.004615431565504813
2012-02-09,0.010819236640717378
2012-02-10,
2012-02-13,
2012-02-14,
2012-02-15,
2012-02-16,
2012-02-17,
2012-02-21,
2012-02-22,
2012-02-23,
2012-02-24,
2012-02-27,
2012-02-28,
2012-02-29,
2012-03-01,
2012-03-02,
2012-03-05,
2012-03-06,
2012-03-07,
2012-03-08,
2012-03-09,
2012-03-12,
2012-03-13,
2012-03-14,
2012-03-15,
2012-03-16,0.015290519520925416
2012-03-19,
2012-03-20,
2012-03-21,
2012-03-22,
2012-03-23,
2012-03-26,
2012-03-27,
2012-03-28,
2012-03-29,
2012-03-30,
2012-04-02,
2012-04-03,
2012-04-04,
2012-04-05,
2012-04-09,
2012-04-10,
2012-04-11,
2012-04-12,
2012-04-13,
2012-04-16,
2012-04-17,
2012-04-18,
2012-04-19,
2012-04-20,
2012-04-23,
2012-04-24,
2012-04-25,
2012-04-26,
2012-04-27,
2012-04-30,
2012-05-01,
2012-05-02,
2012-05-03,
2012-05-04,
2012-05-07,
2012-05-08,
2012-05-09,
2012-05-10,
2012-05-11,
2012-05-14,
2012-05-15,
2012-05-16,
2012-05-17,
2012-05-18,
2012-05-21,
2012-05-22,
2012-05-23,
2012-05-24,
2012-05-25,
2012-05-29,
2012-05-30,
2012-05-31,
2012-06-01,
2012-06-04,
2012-06-05,
2012-06-06,
2012-06-07,
2012-06-08,
2012-06-11,
2012-06-12,
2012-06-13,
2012-06-14,
2012-06-15,
2012-06-18,
2012-06-19,
2012-06-20,
2012-06-21,
2012-06-22,
2012-06-25,
2012-06-26,
2012-06-27,
2012-06-28,
2012-06-29,
2012-07-02,
2012-07-03,
2012-07-05,
2012-07-06,
2012-07-09,
2012-07-10,
2012-07-11,
2012-07-12,
2012-07-13,
2012-07-16,
2012-07-17,
2012-07-18,
2012-07-19,
2012-07-20,
2012-07-23,
2012-07-24,
2012-07-25,
2012-07-26,
2012-07-27,
2012-07-30,
2012-07-31,
2012-08-01,
2012-08-02,
2012-08-03,
2012-08-06,
2012-08-07,
2012-08-08,
2012-08-09,
2012-08-10,0.11566265254049067
2012-08-13,
2012-08-14,
2012-08-15,
2012-08-16,
2012-08-17,
2012-08-20,
2012-08-21,
2012-08-22,
2012-08-23,
2012-08-24,
2012-08-27,
2012-08-28,
2012-08-29,
2012-08-30,
2012-08-31,
2012-09-04,
2012-09-05,
2012-09-06,
2012-09-07,
2012-09-10,
2012-09-11,
2012-09-12,
2012-09-13,
2012-09-14,
2012-09-17,
2012-09-18,
2012-09-19,
2012-09-20,
2012-09-21,
2012-09-24,
2012-09-25,
2012-09-26,
2012-09-27,
2012-09-28,
2012-10-01,
2012-10-02,
2012-10-03,
2012-10-04,
2012-10-05,
2012-10-08,
2012-10-09,
2012-10-10,
2012-10-11,
2012-10-12,
2012-10-15,
2012-10-16,
2012-10-17,
2012-10-18,
2012-10-19,
2012-10-22,
2012-10-23,
2012-10-24,
2012-10-25,
2012-10-26,
2012-10-31,
2012-11-01,
2012-11-02,
2012-11-05,
2012-11-06,
2012-11-07,
2012-11-08,
2012-11-09,
2012-11-12,
2012-11-13,
2012-11-14,
2012-11-15,
2012-11-16,
2012-11-19,
2012-11-20,
2012-11-21,
2012-11-23,
2012-11-26,
2012-11-27,
2012-11-28,
2012-11-29,
2012-11-30,
2012-12-03,
2012-12-04,0.21949236102771907
2012-12-05,-0.044719874362429524
2012-12-06,
2012-12-07,
2012-12-10,
2012-12-11,
2012-12-12,
2012-12-13,
2012-12-14,
2012-12-17,
2012-12-18,
2012-12-19,
2012-12-20,
2012-12-21,
2012-12-24,-0.004866810932647958
2012-12-26,
2012-12-27,
2012-12-28,
2012-12-31,
2013-01-02,
2013-01-03,
2013-01-04,
2013-01-07,
2013-01-08,
2013-01-09,
2013-01-10,
2013-01-11,
2013-01-14,
2013-01-15,
2013-01-16,
2013-01-17,
2013-01-18,
2013-01-22,
2013-01-23,
2013-01-24,
2013-01-25,
2013-01-28,
2013-01-29,
2013-01-30,
2013-01-31,
2013-02-01,-0.06963199719130242
2013-02-04,0.0012515453343102667
2013-02-05,
2013-02-06,
2013-02-07,
2013-02-08,
2013-02-11,
2013-02-12,
2013-02-13,
2013-02-14,
2013-02-15,
2013-02-19,
2013-02-20,
2013-02-21,
2013-02-22,
2013-02-25,
2013-02-26,
2013-02-27,
2013-02-28,
2013-03-01,
2013-03-04,
2013-03-05,
2013-03-06,
2013-03-07,
2013-03-08,
2013-03-11,
2013-03-12,
2013-03-13,
2013-03-14,
2013-03-15,
2013-03-18,
2013-03-19,
2013-03-20,
2013-03-21,
2013-03-22,
2013-03-25,
2013-03-26,
2013-03-27,
2013-03-28,
2013-04-01,
2013-04-02,-0.007499980926513717
2013-04-03,
2013-04-04,
2013-04-05,
2013-04-08,
2013-04-09,
2013-04-10,
2013-04-11,
2013-04-12,
2013-04-15,
2013-04-16,
2013-04-17,
2013-04-18,
2013-04-19,
2013-04-22,
2013-04-23,
2013-04-24,
2013-04-25,
2013-04-26,
2013-04-29,
2013-04-30,
2013-05-01,
2013-05-02,
2013-05-03,0.16801002621571381
2013-05-06,
2013-05-07,
2013-05-08,
2013-05-09,
2013-05-10,
2013-05-13,
2013-05-14,
2013-05-15,
2013-05-16,0.07569554058835526
2013-05-17,
2013-05-20,
2013-05-21,
2013-05-22,
2013-05-23,
2013-05-24,
2013-05-28,
2013-05-29,
2013-05-30,
2013-05-31,
2013-06-03,
2013-06-04,
2013-06-05,
2013-06-06,
2013-06-07,
2013-06-10,-0.027666420179717544
2013-06-11,
2013-06-12,
2013-06-13,
2013-06-14,
2013-06-17,
2013-06-18,
2013-06-19,
2013-06-20,
2013-06-21,
2013-06-24,
2013-06-25,
2013-06-26,
2013-06-27,
2013-06-28,
2013-07-01,
2013-07-02,
2013-07-03,
2013-07-05,
2013-07-08,
2013-07-09,0.05154639175257736
2013-07-10,-0.002941206389782458
2013-07-11,
2013-07-12,
2013-07-15,
2013-07-16,0.011406132713059236
2013-07-17,
2013-07-18,
2013-07-19,
2013-07-22,-0.011666312863325201
2013-07-23,
2013-07-24,
2013-07-25,
2013-07-26,
2013-07-29,
2013-07-30,
2013-07-31,
2013-08-01,
2013-08-02,
2013-08-05,
2013-08-06,
2013-08-07,
2013-08-08,
2013-08-09,
2013-08-12,
2013-08-13,
2013-08-14,
2013-08-15,
2013-08-16,
2013-08-19,
2013-08-20,
2013-08-21,
2013-08-22,
2013-08-23,
2013-08-26,
2013-08-27,
2013-08-28,
2013-08-29,
2013-08-30,
2013-09-03,
2013-09-04,
2013-09-05,
2013-09-06,
2013-09-09,
2013-09-10,0.15896119860890767
2013-09-11,
2013-09-12,
2013-09-13,
2013-09-16,
2013-09-17,0.00509250106667114
2013-09-18,
2013-09-19,
2013-09-20,
2013-09-23,-0.020435722060160755
2013-09-24,
2013-09-25,
2013-09-26,
2013-09-27,
2013-09-30,
2013-10-01,
2013-10-02,
2013-10-03,
2013-10-04,
2013-10-07,
2013-10-08,
2013-10-09,0.0
2013-10-10,0.012586199004074539
2013-10-11,-0.018559512363081287
2013-10-14,
2013-10-15,
2013-10-16,
2013-10-17,0.04788345186426457
2013-10-18,0.0031456725481633363
2013-10-21,
2013-10-22,
2013-10-23,
2013-10-24,0.015183993507648543
2013-10-25,
2013-10-28,-0.05104860145231382
2013-10-29,
2013-10-30,
2013-10-31,
2013-11-01,-0.021586403025354972
2013-11-04,0.02766587286765043
2013-11-05,
2013-11-06,
2013-11-07,
2013-11-08,
2013-11-11,
2013-11-12,0.0076674181882612205
2013-11-13,-0.02570173272659393
2013-11-14,-0.0269003690696501
2013-11-15,
2013-11-18,
2013-11-19,
2013-11-20,
2013-11-21,
2013-11-22,
2013-11-25,
2013-11-26,
2013-11-27,0.03442126477047114
2013-11-29,
2013-12-02,
2013-12-03,
2013-12-04,
2013-12-05,
2013-12-06,
2013-12-09,-0.013965540918810637
2013-12-10,
2013-12-11,
2013-12-12,
2013-12-13,
2013-12-16,
2013-12-17,
2013-12-18,
2013-12-19,0.158943877790944
2013-12-20,
2013-12-23,
2013-12-24,
2013-12-26,
2013-12-27,
2013-12-30,-0.044508102030376695
2013-12-31,
2014-01-02,
2014-01-03,
2014-01-06,
2014-01-07,
2014-01-08,
2014-01-09,
2014-01-10,
2014-01-13,
2014-01-14,0.06126633730042563
2014-01-15,
2014-01-16,
2014-01-17,
2014-01-21,
2014-01-22,
2014-01-23,
2014-01-24,
2014-01-27,
2014-01-28,
2014-01-29,
2014-01-30,-0.009819908372343922
2014-01-31,-0.0006010655701432777
2014-02-03,
2014-02-04,-0.01969636364324623
2014-02-05,
2014-02-06,
2014-02-07,
2014-02-10,
2014-02-11,
2014-02-12,0.05828225812302379
2014-02-13,0.007246376811594235
2014-02-14,
2014-02-18,
2014-02-19,
2014-02-20,
2014-02-21,
2014-02-24,
2014-02-25,0.03251801634863982
2014-02-26,
2014-02-27,
2014-02-28,
2014-03-03,
2014-03-04,-0.012820593240692624
2014-03-05,-0.014919538100664043
2014-03-06,
2014-03-07,
2014-03-10,
2014-03-11,
2014-03-12,0.010989864004259609
2014-03-13,
2014-03-14,
2014-03-17,
2014-03-18,
2014-03-19,
2014-03-20,
2014-03-21,
2014-03-24,
2014-03-25,
2014-03-26,0.034727099110751114
2014-03-27,
2014-03-28,
2014-03-31,
2014-04-01,
2014-04-02,
2014-04-03,
2014-04-04,
2014-04-07,
2014-04-08,
2014-04-09,
2014-04-10,
2014-04-11,
2014-04-14,
2014-04-15,
2014-04-16,
2014-04-17,
2014-04-21,
2014-04-22,
2014-04-23,
2014-04-24,
2014-04-25,-0.01794517203553081
2014-04-28,
2014-04-29,
2014-04-30,
2014-05-01,
2014-05-02,
2014-05-05,
2014-05-06,
2014-05-07,0.01841260496403363
2014-05-08,
2014-05-09,
2014-05-12,
2014-05-13,
2014-05-14,
2014-05-15,
2014-05-16,
2014-05-19,
2014-05-20,-0.0701274153783552
2014-05-21,
2014-05-22,
2014-05-23,
2014-05-27,0.019590541213901913
2014-05-28,
2014-05-29,
2014-05-30,
2014-06-02,
2014-06-03,
2014-06-04,
2014-06-05,
2014-06-06,
2014-06-09,
2014-06-10,
2014-06-11,
2014-06-12,
2014-06-13,
2014-06-16,
2014-06-17,
2014-06-18,
2014-06-19,
2014-06-20,
2014-06-23,
2014-06-24,
2014-06-25,
2014-06-26,-0.06963304839385931
2014-06-27,
2014-06-30,
2014-07-01,
2014-07-02,
2014-07-03,
2014-07-07,
2014-07-08,
2014-07-09,
2014-07-10,
2014-07-11,
2014-07-14,
2014-07-15,
2014-07-16,
2014-07-17,
2014-07-18,
2014-07-21,0.009782565815076971
2014-07-22,0.0019991524719802367
2014-07-23,
2014-07-24,
2014-07-25,
2014-07-28,
2014-07-29,
2014-07-30,
2014-07-31,
2014-08-01,
2014-08-04,
2014-08-05,-0.04511974027275667
2014-08-06,
2014-08-07,
2014-08-08,
2014-08-11,
2014-08-12,
2014-08-13,
2014-08-14,
2014-08-15,
2014-08-18,
2014-08-19,
2014-08-20,
2014-08-21,
2014-08-22,
2014-08-25,
2014-08-26,
2014-08-27,
2014-08-28,
2014-08-29,
2014-09-02,
2014-09-03,
2014-09-04,0.01703628315328687
2014-09-05,
2014-09-08,-0.018963289686958484
2014-09-09,
2014-09-10,
2014-09-11,
2014-09-12,
2014-09-15,
2014-09-16,-0.004671406362334762
2014-09-17,
2014-09-18,
2014-09-19,
2014-09-22,
2014-09-23,
2014-09-24,0.029778283303528937
2014-09-25,
2014-09-26,
2014-09-29,
2014-09-30,
2014-10-01,
2014-10-02,
2014-10-03,
2014-10-06,
2014-10-07,
2014-10-08,
2014-10-09,
2014-10-10,
2014-10-13,
2014-10-14,
2014-10-15,
2014-10-16,
2014-10-17,
2014-10-20,
2014-10-21,
2014-10-22,
2014-10-23,
2014-10-24,
2014-10-27,
2014-10-28,
2014-10-29,
2014-10-30,
2014-10-31,
2014-11-03,
2014-11-04,
2014-11-05,
2014-11-06,
2014-11-07,
2014-11-10,
2014-11-11,
2014-11-12,
2014-11-13,
2014-11-14,
2014-11-17,
2014-11-18,
2014-11-19,
2014-11-20,
2014-11-21,-0.01367283878638792
2014-11-24,
2014-11-25,-0.025716992610756106
2014-11-26,
2014-11-28,
2014-12-01,
2014-12-02,
2014-12-03,
2014-12-04,
2014-12-05,
2014-12-08,
2014-12-09,
2014-12-10,
2014-12-11,
2014-12-12,
2014-12-15,
2014-12-16,
2014-12-17,
2014-12-18,
2014-12-19,0.030811481923110003
2014-12-22,
2014-12-23,
2014-12-24,
2014-12-26,
2014-12-29,
2014-12-30,
2014-12-31,
2015-01-02,
2015-01-05,0.0
2015-01-06,
2015-01-07,
2015-01-08,
2015-01-09,
2015-01-12,
2015-01-13,
2015-01-14,
2015-01-15,
2015-01-16,
2015-01-20,
2015-01-21,
2015-01-22,
2015-01-23,
2015-01-26,
2015-01-27,
2015-01-28,
2015-01-29,
2015-01-30,
2015-02-02,
2015-02-03,
2015-02-04,
2015-02-05,
2015-02-06,-0.0318895503801504
2015-02-09,-0.004097017340618403
2015-02-10,
2015-02-11,
2015-02-12,
2015-02-13,
2015-02-17,
2015-02-18,
2015-02-19,
2015-02-20,
2015-02-23,
2015-02-24,
2015-02-25,
2015-02-26,
2015-02-27,
2015-03-02,
2015-03-03,
2015-03-04,0.03488561651991762
2015-03-05,
2015-03-06,
2015-03-09,
2015-03-10,
2015-03-11,
2015-03-12,-0.03450466194951962
2015-03-13,
2015-03-16,
2015-03-17,
2015-03-18,
2015-03-19,
2015-03-20,
2015-03-23,
2015-03-24,
2015-03-25,
2015-03-26,
2015-03-27,
2015-03-30,
2015-03-31,
2015-04-01,
2015-04-02,
2015-04-06,
2015-04-07,
2015-04-08,
2015-04-09,
2015-04-10,
2015-04-13,
2015-04-14,
2015-04-15,
2015-04-16,
2015-04-17,
2015-04-20,
2015-04-21,
2015-04-22,
2015-04-23,
2015-04-24,
2015-04-27,
2015-04-28,
2015-04-29,
2015-04-30,
2015-05-01,
2015-05-04,
2015-05-05,
2015-05-06,
2015-05-07,
2015-05-08,
2015-05-11,
2015-05-12,
2015-05-13,
2015-05-14,
2015-05-15,
2015-05-18,
2015-05-19,
2015-05-20,
2015-05-21,
2015-05-22,
2015-05-26,
2015-05-27,
2015-05-28,
2015-05-29,
2015-06-01,
2015-06-02,
2015-06-03,
2015-06-04,
2015-06-05,
2015-06-08,
2015-06-09,
2015-06-10,
2015-06-11,
2015-06-12,
2015-06-15,
2015-06-16,
2015-06-17,
2015-06-18,
2015-06-19,
2015-06-22,
2015-06-23,
2015-06-24,0.010704836925464534
2015-06-25,0.04790612152319108
2015-06-26,
2015-06-29,
2015-06-30,
2015-07-01,
2015-07-02,
2015-07-06,
2015-07-07,
2015-07-08,
2015-07-09,
2015-07-10,
2015-07-13,
2015-07-14,
2015-07-15,
2015-07-16,
2015-07-17,
2015-07-20,
2015-07-21,
2015-07-22,
2015-07-23,
2015-07-24,
2015-07-27,
2015-07-28,
2015-07-29,
2015-07-30,
2015-07-31,
2015-08-03,
2015-08-04,
2015-08-05,
2015-08-06,
2015-08-07,
2015-08-10,
2015-08-11,
2015-08-12,
2015-08-13,
2015-08-14,
2015-08-17,
2015-08-18,
2015-08-19,
2015-08-20,
2015-08-21,
2015-08-24,
2015-08-25,
2015-08-26,
2015-08-27,
2015-08-28,
2015-08-31,
2015-09-01,
2015-09-02,
2015-09-03,
2015-09-04,
2015-09-08,
2015-09-09,
2015-09-10,
2015-09-11,
2015-09-14,
2015-09-15,
2015-09-16,
2015-09-17,
2015-09-18,
2015-09-21,
2015-09-22,
2015-09-23,
2015-09-24,
2015-09-25,
2015-09-28,
2015-09-29,
2015-09-30,
2015-10-01,
2015-10-02,
2015-10-05,
2015-10-06,
2015-10-07,
2015-10-08,
2015-10-09,
2015-10-12,
2015-10-13,
2015-10-14,
2015-10-15,
2015-10-16,
2015-10-19,
2015-10-20,
2015-10-21,
2015-10-22,
2015-10-23,
2015-10-26,
2015-10-27,
2015-10-28,
2015-10-29,
2015-10-30,
2015-11-02,
2015-11-03,
2015-11-04,
2015-11-05,
2015-11-06,
2015-11-09,
2015-11-10,
2015-11-11,
2015-11-12,
2015-11-13,
2015-11-16,
2015-11-17,
2015-11-18,
2015-11-19,
2015-11-20,
2015-11-23,
2015-11-24,
2015-11-25,
2015-11-27,
2015-11-30,
2015-12-01,
2015-12-02,
2015-12-03,
2015-12-04,
2015-12-07,
2015-12-08,
2015-12-09,
2015-12-10,
2015-12-11,
2015-12-14,
2015-12-15,
2015-12-16,-0.13512671367762696
2015-12-17,
2015-12-18,
2015-12-21,
2015-12-22,
2015-12-23,
2015-12-24,
2015-12-28,
2015-12-29,
2015-12-30,
2015-12-31,
2016-01-04,0.0
2016-01-05,-0.00625345152229717
2016-01-06,-0.0038867127376860378
2016-01-07,
2016-01-08,-0.041248629381107516
2016-01-11,
2016-01-12,-0.03003874579255883
2016-01-13,
2016-01-14,-0.014985015213439758
2016-01-15,
2016-01-19,-0.03448277462977123
2016-01-20,-0.08277308304644293
2016-01-21,-0.02542374288206406
2016-01-22,
2016-01-25,
2016-01-26,
2016-01-27,
2016-01-28,0.10834314202140582
2016-01-29,
2016-02-01,0.01781170812777222
2016-02-02,
2016-02-03,
2016-02-04,
2016-02-05,
2016-02-08,
2016-02-09,
2016-02-10,
2016-02-11,
2016-02-12,
2016-02-16,
2016-02-17,
2016-02-18,
2016-02-19,
2016-02-22,
2016-02-23,
2016-02-24,
2016-02-25,
2016-02-26,
2016-02-29,
2016-03-01,
2016-03-02,
2016-03-03,
2016-03-04,
2016-03-07,
2016-03-08,
2016-03-09,
2016-03-10,
2016-03-11,0.025000015894572014
2016-03-14,
2016-03-15,
2016-03-16,
2016-03-17,
2016-03-18,
2016-03-21,
2016-03-22,
2016-03-23,
2016-03-24,
2016-03-28,
2016-03-29,
2016-03-30,
2016-03-31,
2016-04-01,
2016-04-04,
2016-04-05,
2016-04-06,
2016-04-07,
2016-04-08,
2016-04-11,
2016-04-12,
2016-04-13,
2016-04-14,
2016-04-15,
2016-04-18,
2016-04-19,
2016-04-20,
2016-04-21,
2016-04-22,
2016-04-25,
2016-04-26,
2016-04-27,
2016-04-28,
2016-04-29,
2016-05-02,
2016-05-03,
2016-05-04,
2016-05-05,
2016-05-06,
2016-05-09,
2016-05-10,
2016-05-11,
2016-05-12,
2016-05-13,0.019512176211098575
2016-05-16,
2016-05-17,
2016-05-18,
2016-05-19,0.04485645946659789
2016-05-20,-0.0013356171537496353
2016-05-23,
2016-05-24,
2016-05-25,
2016-05-26,
2016-05-27,
2016-05-31,
2016-06-01,
2016-06-02,
2016-06-03,
2016-06-06,
2016-06-07,
2016-06-08,
2016-06-09,
2016-06-10,
2016-06-13,
2016-06-14,
2016-06-15,
2016-06-16,
2016-06-17,
2016-06-20,
2016-06-21,
2016-06-22,
2016-06-23,
2016-06-24,
2016-06-27,
2016-06-28,
2016-06-29,
2016-06-30,
2016-07-01,
2016-07-05,
2016-07-06,
2016-07-07,-0.10202522233511802
2016-07-08,-0.04255319148936165
2016-07-11,
2016-07-12,
2016-07-13,
2016-07-14,
2016-07-15,
2016-07-18,
2016-07-19,
2016-07-20,
2016-07-21,
2016-07-22,
2016-07-25,
2016-07-26,
2016-07-27,
2016-07-28,
2016-07-29,
2016-08-01,
2016-08-02,
2016-08-03,
2016-08-04,
2016-08-05,0.2768888685438369
2016-08-08,-0.004524857738876342
2016-08-09,
2016-08-10,
2016-08-11,
2016-08-12,
2016-08-15,
2016-08-16,
2016-08-17,
2016-08-18,
2016-08-19,
2016-08-22,
2016-08-23,
2016-08-24,
2016-08-25,
2016-08-26,0.022727259086031903
2016-08-29,-0.00632476806640625
2016-08-30,
2016-08-31,
2016-09-01,
2016-09-02,
2016-09-06,
2016-09-07,
2016-09-08,
2016-09-09,
2016-09-12,0.08156200595717489
2016-09-13,
2016-09-14,
2016-09-15,
2016-09-16,
2016-09-19,
2016-09-20,
2016-09-21,
2016-09-22,
2016-09-23,
2016-09-26,
2016-09-27,
2016-09-28,
2016-09-29,
2016-09-30,
2016-10-03,
2016-10-04,
2016-10-05,
2016-10-06,
2016-10-07,
2016-10-10,
2016-10-11,
2016-10-12,
2016-10-13,
2016-10-14,
2016-10-17,
2016-10-18,
2016-10-19,
2016-10-20,
2016-10-21,
2016-10-24,
2016-10-25,
2016-10-26,
2016-10-27,
2016-10-28,
2016-10-31,
2016-11-01,
2016-11-02,
2016-11-03,
2016-11-04,
2016-11-07,
2016-11-08,
2016-11-09,
2016-11-10,
2016-11-11,
2016-11-14,
2016-11-15,
2016-11-16,
2016-11-17,
2016-11-18,
2016-11-21,
2016-11-22,
2016-11-23,
2016-11-25,
2016-11-28,
2016-11-29,
2016-11-30,
2016-12-01,
2016-12-02,
2016-12-05,
2016-12-06,
2016-12-07,
2016-12-08,
2016-12-09,
2016-12-12,
2016-12-13,
2016-12-14,
2016-12-15,
2016-12-16,
2016-12-19,
2016-12-20,-0.17116262859719633
2016-12-21,
2016-12-22,
2016-12-23,
2016-12-27,
2016-12-28,0.020725350291837863
2016-12-29,
2016-12-30,
2017-01-03,
2017-01-04,
2017-01-05,
2017-01-06,
2017-01-09,
2017-01-10,
2017-01-11,
2017-01-12,
2017-01-13,
2017-01-17,
2017-01-18,
2017-01-19,
2017-01-20,
2017-01-23,
2017-01-24,0.06598988958175966
2017-01-25,0.020987629818283837
2017-01-26,
2017-01-27,
2017-01-30,
2017-01-31,
2017-02-01,
2017-02-02,
2017-02-03,
2017-02-06,
2017-02-07,
2017-02-08,
2017-02-09,
2017-02-10,
2017-02-13,
2017-02-14,0.02867507108160283
2017-02-15,0.03106636964769294
2017-02-16,
2017-02-17,
2017-02-21,
2017-02-22,-0.00032574034636212446
2017-02-23,
2017-02-24,
2017-02-27,
2017-02-28,
2017-03-01,
2017-03-02,
2017-03-03,
2017-03-06,
2017-03-07,
2017-03-08,
2017-03-09,
2017-03-10,
2017-03-13,
2017-03-14,
2017-03-15,
2017-03-16,-0.029651346744104964
2017-03-17,
2017-03-20,
2017-03-21,
2017-03-22,-0.0060443351586791936
2017-03-23,0.030405392126065408
2017-03-24,
2017-03-27,
2017-03-28,
2017-03-29,-0.012622958323994626
2017-03-30,-0.0008301384267068723
2017-03-31,
2017-04-03,0.001495515987562257
2017-04-04,
2017-04-05,0.01360543701005712
2017-04-06,0.0004910587530191357
2017-04-07,-0.006708112803945454
2017-04-10,-0.0008235749928273695
2017-04-11,0.0032970781972065932
2017-04-12,0.016759783889817914
2017-04-13,
2017-04-17,
2017-04-18,
2017-04-19,
2017-04-20,
2017-04-21,
2017-04-24,
2017-04-25,0.018099529937821268
2017-04-26,0.03793649824838785
2017-04-27,
2017-04-28,
2017-05-01,
2017-05-02,0.01972780130858287
2017-05-03,
2017-05-04,0.04289143067279744
2017-05-05,-0.0011504433419819993
2017-05-08,-0.03771959085970844
2017-05-09,
2017-05-10,0.0
2017-05-11,0.03859967044301161
2017-05-12,-0.00365017411769053
2017-05-15,
2017-05-16,
2017-05-17,
2017-05-18,-0.06992682944316586
2017-05-19,0.015575919055601295
2017-05-22,
2017-05-23,
2017-05-24,0.025531121791443345
2017-05-25,
2017-05-26,0.0
2017-05-30,
2017-05-31,
2017-06-01,
2017-06-02,0.0014925145391206929
2017-06-05,
2017-06-06,-0.02906105801171155
2017-06-07,-0.0003330467772629797
2017-06-08,
2017-06-09,
2017-06-12,
2017-06-13,
2017-06-14,-0.01409992881154887
2017-06-15,
2017-06-16,0.0
2017-06-19,
2017-06-20,0.015340299398785675
2017-06-21,
2017-06-22,
2017-06-23,
2017-06-26,
2017-06-27,
2017-06-28,
2017-06-29,
2017-06-30,
2017-07-03,
2017-07-05,-0.06508167881553695
2017-07-06,0.010631296977676064
2017-07-07,
2017-07-10,0.009090931609783803
2017-07-11,
2017-07-12,
2017-07-13,0.05170847931229394
2017-07-14,
2017-07-17,-0.00541807435340158
2017-07-18,
2017-07-19,0.0035374249278452563
2017-07-20,
2017-07-21,
2017-07-24,
2017-07-25,
2017-07-26,
2017-07-27,
2017-07-28,
2017-07-31,
2017-08-01,
2017-08-02,
2017-08-03,
2017-08-04,
2017-08-07,
2017-08-08,
2017-08-09,
2017-08-10,
2017-08-11,
2017-08-14,
2017-08-15,
2017-08-16,
2017-08-17,
2017-08-18,
2017-08-21,0.034482758620689724
2017-08-22,
2017-08-23,
2017-08-24,
2017-08-25,
2017-08-28,
2017-08-29,
2017-08-30,
2017-08-31,
2017-09-01,
2017-09-05,
2017-09-06,
2017-09-07,
2017-09-08,
2017-09-11,
2017-09-12,
2017-09-13,
2017-09-14,
2017-09-15,0.1851851851851851
2017-09-18,0.022531223297119093
2017-09-19,
2017-09-20,
2017-09-21,
2017-09-22,
2017-09-25,
2017-09-26,
2017-09-27,0.04385443522426802
2017-09-28,
2017-09-29,
2017-10-02,-0.02435771260852959
2017-10-03,0.001200409391985513
2017-10-04,0.0
2017-10-05,
2017-10-06,-0.00011991530741306544
2017-10-09,0.0
2017-10-10,
2017-10-11,
2017-10-12,
2017-10-13,0.029974829402075853
2017-10-16,
2017-10-17,
2017-10-18,
2017-10-19,
2017-10-20,
2017-10-23,
2017-10-24,
2017-10-25,
2017-10-26,-0.05238540085719323
2017-10-27,
2017-10-30,
2017-10-31,
2017-11-01,
2017-11-02,
2017-11-03,-0.0024570586472670852
2017-11-06,
2017-11-07,
2017-11-08,
2017-11-09,
2017-11-10,
2017-11-13,
2017-11-14,
2017-11-15,
2017-11-16,
2017-11-17,
2017-11-20,
2017-11-21,
2017-11-22,0.0066502578303242466
2017-11-24,
2017-11-27,
2017-11-28,
2017-11-29,
2017-11-30,
2017-12-01,
2017-12-04,
2017-12-05,
2017-12-06,-0.013334920068229561
2017-12-07,
2017-12-08,0.0004959815842595638
2017-12-11,
2017-12-12,
2017-12-13,
2017-12-14,
2017-12-15,
2017-12-18,
2017-12-19,0.04288014598816203
2017-12-20,
2017-12-21,
2017-12-22,
2017-12-26,
2017-12-27,
2017-12-28,
2017-12-29,
2018-01-02,
2018-01-03,
2018-01-04,
2018-01-05,
2018-01-08,
2018-01-09,
2018-01-10,
2018-01-11,
2018-01-12,-0.019607860914553576
2018-01-16,0.04114426121567227
2018-01-17,
2018-01-18,
2018-01-19,
2018-01-22,
2018-01-23,
2018-01-24,
2018-01-25,
2018-01-26,
2018-01-29,
2018-01-30,
2018-01-31,0.02276745502072197
2018-02-01,
2018-02-02,
2018-02-05,
2018-02-06,
2018-02-07,
2018-02-08,
2018-02-09,
2018-02-12,
2018-02-13,
2018-02-14,
2018-02-15,
2018-02-16,
2018-02-20,
2018-02-21,
2018-02-22,
2018-02-23,
2018-02-26,
2018-02-27,
2018-02-28,
2018-03-01,
2018-03-02,
2018-03-05,
2018-03-06,
2018-03-07,
2018-03-08,
2018-03-09,
2018-03-12,
2018-03-13,
2018-03-14,
2018-03-15,
2018-03-16,
2018-03-19,
2018-03-20,
2018-03-21,
2018-03-22,
2018-03-23,
2018-03-26,
2018-03-27,
2018-03-28,
2018-03-29,
2018-04-02,
2018-04-03,
2018-04-04,
2018-04-05,
2018-04-06,
2018-04-09,
2018-04-10,
2018-04-11,
2018-04-12,
2018-04-13,
2018-04-16,
2018-04-17,
2018-04-18,
2018-04-19,
2018-04-20,
2018-04-23,
2018-04-24,
2018-04-25,
2018-04-26,
2018-04-27,
2018-04-30,
2018-05-01,
2018-05-02,
2018-05-03,
2018-05-04,
2018-05-07,
2018-05-08,
2018-05-09,
2018-05-10,
2018-05-11,
2018-05-14,
2018-05-15,
2018-05-16,
2018-05-17,
2018-05-18,
2018-05-21,
2018-05-22,
2018-05-23,
2018-05-24,
2018-05-25,
2018-05-29,
2018-05-30,
2018-05-31,
2018-06-01,
2018-06-04,
2018-06-05,
2018-06-06,
2018-06-07,
2018-06-08,
2018-06-11,
2018-06-12,
2018-06-13,
2018-06-14,
2018-06-15,
2018-06-18,
2018-06-19,
2018-06-20,
2018-06-21,
2018-06-22,
2018-06-25,
2018-06-26,
2018-06-27,
2018-06-28,
2018-06-29,
2018-07-02,
2018-07-03,
2018-07-05,
2018-07-06,
2018-07-09,-0.07933979899562948
2018-07-10,
2018-07-11,
2018-07-12,
2018-07-13,
2018-07-16,
2018-07-17,
2018-07-18,
2018-07-19,
2018-07-20,
2018-07-23,
2018-07-24,
2018-07-25,
2018-07-26,
2018-07-27,
2018-07-30,
2018-07-31,
2018-08-01,
2018-08-02,
2018-08-03,
2018-08-06,
2018-08-07,
2018-08-08,
2018-08-09,
2018-08-10,
2018-08-13,
2018-08-14,
2018-08-15,
2018-08-16,
2018-08-17,
2018-08-20,
2018-08-21,
2018-08-22,
2018-08-23,
2018-08-24,
2018-08-27,
2018-08-28,
2018-08-29,
2018-08-30,
2018-08-31,
2018-09-04,
2018-09-05,
2018-09-06,
2018-09-07,
2018-09-10,
2018-09-11,
2018-09-12,
2018-09-13,
2018-09-14,
2018-09-17,
2018-09-18,
2018-09-19,0.06330369585127138
2018-09-20,
2018-09-21,
2018-09-24,
2018-09-25,
2018-09-26,
2018-09-27,
2018-09-28,
2018-10-01,
2018-10-02,
2018-10-03,
2018-10-04,
2018-10-05,
2018-10-08,
2018-10-09,-0.028372121411700535
2018-10-10,-0.031953066622256165
2018-10-11,
2018-10-12,
2018-10-15,
2018-10-16,
2018-10-17,
2018-10-18,
2018-10-19,
2018-10-22,
2018-10-23,
2018-10-24,
2018-10-25,
2018-10-26,
2018-10-29,
2018-10-30,
2018-10-31,
2018-11-01,
2018-11-02,
2018-11-05,
2018-11-06,0.06675734412936518
2018-11-07,
2018-11-08,
2018-11-09,
2018-11-12,
2018-11-13,
2018-11-14,
2018-11-15,
2018-11-16,
2018-11-19,-0.15621744366568846
2018-11-20,
2018-11-21,
2018-11-23,
2018-11-26,
2018-11-27,
2018-11-28,
2018-11-29,
2018-11-30,-0.011124812330091105
2018-12-03,
2018-12-04,
2018-12-06,0.007916662428114174
2018-12-07,-0.006200867440189328
2018-12-10,-0.02495844402672487
2018-12-11,
2018-12-12,
2018-12-13,
2018-12-14,-0.003981780155176584
2018-12-17,-0.00813820227546358
2018-12-18,
2018-12-19,0.0038563200642420803
2018-12-20,0.0115016531581984
2018-12-21,-0.012333466618803635
2018-12-24,
2018-12-26,
2018-12-27,
2018-12-28,
2018-12-31,
2019-01-02,
2019-01-03,
2019-01-04,
2019-01-07,
2019-01-08,
2019-01-09,
2019-01-10,
2019-01-11,
2019-01-14,
2019-01-15,
2019-01-16,
2019-01-17,
2019-01-18,
2019-01-22,
2019-01-23,
2019-01-24,
2019-01-25,
2019-01-28,
2019-01-29,
2019-01-30,
2019-01-31,
2019-02-01,0.1390842930397187
2019-02-04,
2019-02-05,
2019-02-06,
2019-02-07,
2019-02-08,
2019-02-11,
2019-02-12,
2019-02-13,
2019-02-14,
2019-02-15,0.021547367330156057
2019-02-19,
2019-02-20,
2019-02-21,
2019-02-22,
2019-02-25,
2019-02-26,
2019-02-27,
2019-02-28,
2019-03-01,
2019-03-04,
2019-03-05,
2019-03-06,
2019-03-07,
2019-03-08,
2019-03-11,
2019-03-12,
2019-03-13,
2019-03-14,
2019-03-15,
2019-03-18,
2019-03-19,0.10657455806306171
2019-03-20,
2019-03-21,
2019-03-22,
2019-03-25,
2019-03-26,
2019-03-27,
2019-03-28,
2019-03-29,
2019-04-01,
2019-04-02,
2019-04-03,
2019-04-04,
2019-04-05,
2019-04-08,
2019-04-09,
2019-04-10,
2019-04-11,
2019-04-12,
2019-04-15,
2019-04-16,
2019-04-17,
2019-04-18,
2019-04-22,
2019-04-23,
2019-04-24,
2019-04-25,
2019-04-26,
2019-04-29,
2019-04-30,
2019-05-01,
2019-05-02,
2019-05-03,
2019-05-06,
2019-05-07,
2019-05-08,
2019-05-09,
2019-05-10,
2019-05-13,
2019-05-14,
2019-05-15,
2019-05-16,
2019-05-17,
2019-05-20,
2019-05-21,
2019-05-22,-0.0691673380267448
2019-05-23,
2019-05-24,
2019-05-28,
2019-05-29,
2019-05-30,
2019-05-31,
2019-06-03,
2019-06-04,
2019-06-05,
2019-06-06,0.04149457016051006
2019-06-07,
2019-06-10,
2019-06-11,
2019-06-12,
2019-06-13,
2019-06-14,
2019-06-17,
2019-06-18,
2019-06-19,
2019-06-20,
2019-06-21,
2019-06-24,
2019-06-25,
2019-06-26,
2019-06-27,
2019-06-28,
2019-07-01,
2019-07-02,
2019-07-03,
2019-07-05,
2019-07-08,
2019-07-09,
2019-07-10,
2019-07-11,
2019-07-12,
2019-07-15,
2019-07-16,
2019-07-17,
2019-07-18,
2019-07-19,
2019-07-22,
2019-07-23,
2019-07-24,
2019-07-25,
2019-07-26,
2019-07-29,
2019-07-30,
2019-07-31,
2019-08-01,
2019-08-02,
2019-08-05,
2019-08-06,
2019-08-07,
2019-08-08,
2019-08-09,
2019-08-12,
2019-08-13,
2019-08-14,
2019-08-15,
2019-08-16,
2019-08-19,
2019-08-20,
2019-08-21,
2019-08-22,0.09555016030763919
2019-08-23,
2019-08-26,
2019-08-27,
2019-08-28,
2019-08-29,
2019-08-30,
2019-09-03,
2019-09-04,
2019-09-05,
2019-09-06,
2019-09-09,
2019-09-10,
2019-09-11,
2019-09-12,
2019-09-13,
2019-09-16,
2019-09-17,
2019-09-18,
2019-09-19,
2019-09-20,
2019-09-23,
2019-09-24,
2019-09-25,
2019-09-26,
2019-09-27,
2019-09-30,
2019-10-01,
2019-10-02,
2019-10-03,
2019-10-04,
2019-10-07,
2019-10-08,
2019-10-09,
2019-10-10,
2019-10-11,
2019-10-14,
2019-10-15,
2019-10-16,
2019-10-17,
2019-10-18,
2019-10-21,
2019-10-22,
2019-10-23,
2019-10-24,
2019-10-25,
2019-10-28,
2019-10-29,
2019-10-30,
2019-10-31,
2019-11-01,
2019-11-04,
2019-11-05,
2019-11-06,
2019-11-07,
2019-11-08,
2019-11-11,
2019-11-12,
2019-11-13,
2019-11-14,
2019-11-15,
2019-11-18,
2019-11-19,
2019-11-20,
2019-11-21,
2019-11-22,
2019-11-25,
2019-11-26,
2019-11-27,
2019-11-29,
2019-12-02,
2019-12-03,
2019-12-04,
2019-12-05,
2019-12-06,
2019-12-09,
2019-12-10,
2019-12-11,
2019-12-12,
2019-12-13,
2019-12-16,
2019-12-17,
2019-12-18,
2019-12-19,
2019-12-20,
2019-12-23,
2019-12-24,
2019-12-26,
2019-12-27,
2019-12-30,
2019-12-31,
2020-01-02,
2020-01-03,
2020-01-06,
2020-01-07,
2020-01-08,
2020-01-09,
2020-01-10,
2020-01-13,
2020-01-14,
2020-01-15,
2020-01-16,
2020-01-17,
2020-01-21,
2020-01-22,
2020-01-23,
2020-01-24,
2020-01-27,
2020-01-28,
2020-01-29,
2020-01-30,
2020-01-31,
2020-02-03,
2020-02-04,
2020-02-05,
2020-02-06,
2020-02-07,
2020-02-10,
2020-02-11,
2020-02-12,
2020-02-13,
2020-02-14,
2020-02-18,
2020-02-19,
2020-02-20,
2020-02-21,
2020-02-24,
2020-02-25,
2020-02-26,
2020-02-27,
2020-02-28,-0.08774140131672714
2020-03-02,
2020-03-03,
2020-03-04,
2020-03-05,
2020-03-06,
2020-03-09,
2020-03-10,
2020-03-11,-0.07961341825496815
2020-03-12,
2020-03-13,
2020-03-16,-0.37937498092651367
2020-03-17,
2020-03-18,-0.29627396670879613
2020-03-19,
2020-03-20,0.12106467396947207
2020-03-23,
2020-03-24,
2020-03-25,
2020-03-26,
2020-03-27,
2020-03-30,
2020-03-31,
2020-04-01,
2020-04-02,
2020-04-03,
2020-04-06,
2020-04-07,
2020-04-08,
2020-04-09,
2020-04-13,
2020-04-14,
2020-04-15,
2020-04-16,
2020-04-17,
2020-04-20,
2020-04-21,
2020-04-22,
2020-04-23,
2020-04-24,
2020-04-27,
2020-04-28,
2020-04-29,
2020-04-30,
2020-05-01,
2020-05-04,
2020-05-05,
2020-05-06,
2020-05-07,
2020-05-08,
2020-05-11,
2020-05-12,
2020-05-13,
2020-05-14,
2020-05-15,
2020-05-18,
2020-05-19,
2020-05-20,
2020-05-21,
2020-05-22,
2020-05-26,
2020-05-27,0.7181518048962912
2020-05-28,
2020-05-29,
2020-06-01,
2020-06-02,
2020-06-03,
2020-06-04,
2020-06-05,
2020-06-08,
2020-06-09,
2020-06-10,
2020-06-11,
2020-06-12,
2020-06-15,
2020-06-16,
2020-06-17,
2020-06-18,
2020-06-19,
2020-06-22,
2020-06-23,
2020-06-24,
2020-06-25,
2020-06-26,
2020-06-29,
2020-06-30,
2020-07-01,
2020-07-02,
2020-07-06,
2020-07-07,
2020-07-08,
2020-07-09,
2020-07-10,
2020-07-13,
2020-07-14,
2020-07-15,
2020-07-16,
2020-07-17,
2020-07-20,
2020-07-21,
2020-07-22,
2020-07-23,
2020-07-24,
2020-07-27,
2020-07-28,
2020-07-29,
2020-07-30,
2020-07-31,-0.18722142225057836
2020-08-03,
2020-08-04,
2020-08-05,
2020-08-06,
2020-08-07,
2020-08-10,
2020-08-11,
2020-08-12,
2020-08-13,
2020-08-14,
2020-08-17,
2020-08-18,
2020-08-19,
2020-08-20,
2020-08-21,
2020-08-24,
2020-08-25,
2020-08-26,
2020-08-27,
2020-08-28,
2020-08-31,
2020-09-01,
2020-09-02,
2020-09-03,
2020-09-04,
2020-09-08,
2020-09-09,
2020-09-10,
2020-09-11,
2020-09-14,
2020-09-15,
2020-09-16,
2020-09-17,
2020-09-18,
2020-09-21,
2020-09-22,
2020-09-23,
2020-09-24,
2020-09-25,
2020-09-28,
2020-09-29,
2020-09-30,
2020-10-01,
2020-10-02,
2020-10-05,
2020-10-06,
2020-10-07,
2020-10-08,
2020-10-09,
2020-10-12,
2020-10-13,
2020-10-14,
2020-10-15,
2020-10-16,
2020-10-19,
2020-10-20,
2020-10-21,
2020-10-22,
2020-10-23,
2020-10-26,
2020-10-27,
2020-10-28,
2020-10-29,
2020-10-30,-0.0025594037969975947
2020-11-02,
2020-11-03,
2020-11-04,
2020-11-05,
2020-11-06,
2020-11-09,
2020-11-10,
2020-11-11,
2020-11-12,
2020-11-13,
2020-11-16,
2020-11-17,
2020-11-18,
2020-11-19,
2020-11-20,
2020-11-23,
2020-11-24,
2020-11-25,
2020-11-27,
2020-11-30,
2020-12-01,
2020-12-02,
2020-12-03,
2020-12-04,
2020-12-07,
2020-12-08,
2020-12-09,
2020-12-10,
2020-12-11,
2020-12-14,
2020-12-15,
2020-12-16,
2020-12-17,
2020-12-18,
2020-12-21,
2020-12-22,
2020-12-23,
2020-12-24,
2020-12-28,
2020-12-29,
2020-12-30,
2020-12-31,
2021-01-04,
2021-01-05,
2021-01-06,
2021-01-07,
2021-01-08,
2021-01-11,
2021-01-12,
2021-01-13,
2021-01-14,
2021-01-15,
2021-01-19,
2021-01-20,
2021-01-21,
2021-01-22,0.5478371485082723
2021-01-25,
2021-01-26,
2021-01-27,
2021-01-28,
2021-01-29,
2021-02-01,
2021-02-02,
2021-02-03,
2021-02-04,
2021-02-05,
2021-02-08,
2021-02-09,
2021-02-10,
2021-02-11,
2021-02-12,
2021-02-16,
2021-02-17,
2021-02-18,
2021-02-19,
2021-02-22,0.08656015929128391
2021-02-23,
2021-02-24,
2021-02-25,
2021-02-26,
2021-03-01,
2021-03-02,
2021-03-03,0.004795061048042282
2021-03-04,
2021-03-05,
2021-03-08,
2021-03-09,
2021-03-10,
2021-03-11,
2021-03-12,
2021-03-15,0.04224516704319914
2021-03-16,
2021-03-17,
2021-03-18,
2021-03-19,
2021-03-22,
2021-03-23,
2021-03-24,
2021-03-25,
2021-03-26,
2021-03-29,
2021-03-30,
2021-03-31,
2021-04-01,
2021-04-05,
2021-04-06,
2021-04-07,
2021-04-08,
2021-04-09,
2021-04-12,
2021-04-13,
2021-04-14,
2021-04-15,
2021-04-16,
2021-04-19,
2021-04-20,
2021-04-21,
2021-04-22,
2021-04-23,
2021-04-26,
2021-04-27,
2021-04-28,
2021-04-29,
2021-04-30,
2021-05-03,
2021-05-04,
2021-05-05,
2021-05-06,
2021-05-07,
2021-05-10,
2021-05-11,
2021-05-12,
2021-05-13,
2021-05-14,
2021-05-17,
2021-05-18,
2021-05-19,
2021-05-20,
2021-05-21,
2021-05-24,
2021-05-25,
2021-05-26,
2021-05-27,
2021-05-28,
2021-06-01,
2021-06-02,
2021-06-03,
2021-06-04,
2021-06-07,
2021-06-08,
2021-06-09,
2021-06-10,
2021-06-11,
2021-06-14,
2021-06-15,
2021-06-16,
2021-06-17,
2021-06-18,
2021-06-21,
2021-06-22,
2021-06-23,
2021-06-24,
2021-06-25,
2021-06-28,
2021-06-29,
2021-06-30,
2021-07-01,
2021-07-02,
2021-07-06,
2021-07-07,
2021-07-08,
2021-07-09,
2021-07-12,
2021-07-13,
2021-07-14,
2021-07-15,
2021-07-16,
2021-07-19,
2021-07-20,
2021-07-21,
2021-07-22,
2021-07-23,
2021-07-26,
2021-07-27,
2021-07-28,
2021-07-29,
2021-07-30,
2021-08-02,
2021-08-03,
2021-08-04,
2021-08-05,
2021-08-06,
2021-08-09,
2021-08-10,
2021-08-11,
2021-08-12,
2021-08-13,
2021-08-16,
2021-08-17,
2021-08-18,
2021-08-19,
2021-08-20,
2021-08-23,
2021-08-24,
2021-08-25,
2021-08-26,
2021-08-27,
2021-08-30,
2021-08-31,
2021-09-01,
2021-09-02,
2021-09-03,
2021-09-07,
2021-09-08,
2021-09-09,
2021-09-10,
2021-09-13,
2021-09-14,
2021-09-15,-0.24553827900487835
2021-09-16,
2021-09-17,
2021-09-20,0.04400003367456895
2021-09-21,
2021-09-22,
2021-09-23,
2021-09-24,
2021-09-27,
2021-09-28,
2021-09-29,
2021-09-30,
2021-10-01,
2021-10-04,
2021-10-05,
2021-10-06,
2021-10-07,
2021-10-08,-0.09776722535591742
2021-10-11,
2021-10-12,
2021-10-13,-0.0682383919305608
2021-10-14,
2021-10-15,0.0749646452568411
2021-10-18,-0.02865495673609153
2021-10-19,
2021-10-20,
2021-10-21,
2021-10-22,
2021-10-25,
2021-10-26,
2021-10-27,
2021-10-28,
2021-10-29,
2021-11-01,
2021-11-02,
2021-11-03,
2021-11-04,
2021-11-05,
2021-11-08,
2021-11-09,
2021-11-10,
2021-11-11,
2021-11-12,
2021-11-15,
2021-11-16,
2021-11-17,
2021-11-18,
2021-11-19,
2021-11-22,
2021-11-23,
2021-11-24,
2021-11-26,
2021-11-29,
2021-11-30,
2021-12-01,
2021-12-02,
2021-12-03,
2021-12-06,
2021-12-07,
2021-12-08,
2021-12-09,
2021-12-10,
2021-12-13,
2021-12-14,
2021-12-15,
2021-12-16,
2021-12-17,
2021-12-20,
2021-12-21,
2021-12-22,
2021-12-23,
2021-12-27,
2021-12-28,
2021-12-29,
2021-12-30,
2021-12-31,0.018663422910965233
2022-01-03,
2022-01-04,
2022-01-05,
2022-01-06,
2022-01-07,
2022-01-10,
2022-01-11,
2022-01-12,
2022-01-13,
2022-01-14,
2022-01-18,
2022-01-19,
2022-01-20,
2022-01-21,
2022-01-24,
2022-01-25,
2022-01-26,
2022-01-27,
2022-01-28,
2022-01-31,
2022-02-01,
2022-02-02,
2022-02-03,
2022-02-04,
2022-02-07,
2022-02-08,
2022-02-09,
2022-02-10,
2022-02-11,
2022-02-14,
2022-02-15,
2022-02-16,
2022-02-17,
2022-02-18,
2022-02-22,
2022-02-23,
2022-02-24,
2022-02-25,
2022-02-28,
2022-03-01,
2022-03-02,
2022-03-03,
2022-03-04,
2022-03-07,
2022-03-08,
2022-03-09,
2022-03-10,
2022-03-11,
2022-03-14,
2022-03-15,
2022-03-16,
2022-03-17,
2022-03-18,
2022-03-21,
2022-03-22,
2022-03-23,
2022-03-24,
2022-03-25,
2022-03-28,
2022-03-29,
2022-03-30,
2022-03-31,
2022-04-01,
2022-04-04,
2022-04-05,
2022-04-06,
2022-04-07,
2022-04-08,-0.24837472366272262
2022-04-11,
2022-04-12,
2022-04-13,
2022-04-14,
2022-04-18,
2022-04-19,
2022-04-20,
2022-04-21,
2022-04-22,
2022-04-25,
2022-04-26,
2022-04-27,
2022-04-28,
2022-04-29,-0.08610177600520119
2022-05-02,
2022-05-03,
2022-05-04,
2022-05-05,
2022-05-06,
2022-05-09,
2022-05-10,
2022-05-11,
2022-05-12,
2022-05-13,
2022-05-16,
2022-05-17,
2022-05-18,
2022-05-19,
2022-05-20,
2022-05-23,
2022-05-24,
2022-05-25,
2022-05-26,
2022-05-27,
2022-05-31,
2022-06-01,
2022-06-02,
2022-06-03,
2022-06-06,
2022-06-07,
2022-06-08,
2022-06-09,
2022-06-10,
2022-06-13,
2022-06-14,
2022-06-15,
2022-06-16,
2022-06-17,
2022-06-21,
2022-06-22,
2022-06-23,
2022-06-24,
2022-06-27,
2022-06-28,
2022-06-29,
2022-06-30,
2022-07-01,
2022-07-05,
2022-07-06,
2022-07-07,
2022-07-08,
2022-07-11,
2022-07-12,
2022-07-13,
2022-07-14,
2022-07-15,
2022-07-18,
2022-07-19,
2022-07-20,
2022-07-21,
2022-07-22,
2022-07-25,
2022-07-26,
2022-07-27,
2022-07-28,
2022-07-29,
2022-08-01,
2022-08-02,
2022-08-03,
2022-08-04,
2022-08-05,
2022-08-08,-0.22563995052135155
2022-08-09,-0.02722220950656462
2022-08-10,0.05339802705428576
2022-08-11,
2022-08-12,-0.001355360202976219
2022-08-15,
2022-08-16,
2022-08-17,
2022-08-18,
2022-08-19,
2022-08-22,
2022-08-23,-0.19272530814501032
2022-08-24,
2022-08-25,0.018493649920714228
2022-08-26,-0.03136351053896669
2022-08-29,0.005453300837764186
2022-08-30,0.0016948893918828922
2022-08-31,-0.01962774750188956
2022-09-01,-0.016223656351204485
2022-09-02,
2022-09-06,
2022-09-07,0.00035088522392401345
2022-09-08,
2022-09-09,
2022-09-12,0.0785689145259616
2022-09-13,
2022-09-14,
2022-09-15,
2022-09-16,
2022-09-19,
2022-09-20,-0.09398371998856703
2022-09-21,
2022-09-22,
2022-09-23,-0.06676240379048903
2022-09-26,
2022-09-27,
2022-09-28,
2022-09-29,
2022-09-30,
2022-10-03,
2022-10-04,
2022-10-05,
2022-10-06,
2022-10-07,0.08865385789137627
2022-10-10,
2022-10-11,
2022-10-12,
2022-10-13,
2022-10-14,
2022-10-17,
2022-10-18,-0.07083557839596999
2022-10-19,
2022-10-20,
2022-10-21,
2022-10-24,
2022-10-25,
2022-10-26,
2022-10-27,
2022-10-28,
2022-10-31,
2022-11-01,
2022-11-02,
2022-11-03,
2022-11-04,
2022-11-07,0.06749055427262785
2022-11-08,
2022-11-09,
2022-11-10,-0.011932359135088945
2022-11-11,0.12040375559286676
2022-11-14,
2022-11-15,
2022-11-16,
2022-11-17,
2022-11-18,-0.0871943079512566
2022-11-21,
2022-11-22,
2022-11-23,
2022-11-25,
2022-11-28,
2022-11-29,-0.05498770980414147
2022-11-30,
2022-12-01,
2022-12-02,
2022-12-05,
2022-12-06,
2022-12-07,
2022-12-08,
2022-12-09,
2022-12-12,
2022-12-13,
2022-12-14,
2022-12-15,
2022-12-16,
2022-12-19,
2022-12-20,
2022-12-21,
2022-12-22,
2022-12-23,
2022-12-27,
2022-12-28,
2022-12-29,
2022-12-30,
2023-01-03,
2023-01-04,
2023-01-05,
2023-01-06,
2023-01-09,
2023-01-10,
2023-01-11,
2023-01-12,0.1189854754794002
2023-01-13,
2023-01-17,
2023-01-18,
2023-01-19,-0.020333353678385402
2023-01-20,
2023-01-23,
2023-01-24,
2023-01-25,
2023-01-26,
2023-01-27,
2023-01-30,
2023-01-31,
2023-02-01,
2023-02-02,0.03164342716874424
2023-02-03,
2023-02-06,
2023-02-07,
2023-02-08,
2023-02-09,
2023-02-10,
2023-02-13,
2023-02-14,0.0003298228556229965
2023-02-15,
2023-02-16,
2023-02-17,
2023-02-21,
2023-02-22,
2023-02-23,
2023-02-24,
2023-02-27,
2023-02-28,
2023-03-01,
2023-03-02,
2023-03-03,
2023-03-06,
2023-03-07,
2023-03-08,
2023-03-09,0.18694362316375243
2023-03-10,
2023-03-13,-0.07468615637885201
2023-03-14,
2023-03-15,
2023-03-16,
2023-03-17,
2023-03-20,
2023-03-21,
2023-03-22,
2023-03-23,
2023-03-24,
2023-03-27,
2023-03-28,
2023-03-29,
2023-03-30,
2023-03-31,
2023-04-03,
2023-04-04,
2023-04-05,
2023-04-06,0.2926545490524495
2023-04-10,0.050162558720954875
2023-04-11,
2023-04-12,0.012598370596226482
2023-04-13,
2023-04-14,
2023-04-17,-0.08422638573182228
2023-04-18,
2023-04-19,
2023-04-20,
2023-04-21,
2023-04-24,
2023-04-25,
2023-04-26,
2023-04-27,
2023-04-28,
2023-05-01,
2023-05-02,
2023-05-03,
2023-05-04,
2023-05-05,
2023-05-08,
2023-05-09,
2023-05-10,
2023-05-11,
2023-05-12,
2023-05-15,
2023-05-16,
2023-05-17,0.13752896979427032
2023-05-18,
2023-05-19,
2023-05-22,
2023-05-23,
2023-05-24,
2023-05-25,
2023-05-26,-0.06226417553876995
2023-05-30,
2023-05-31,-0.002459213312705155
2023-06-01,
2023-06-02,0.014119253321295933
2023-06-05,
2023-06-06,
2023-06-07,
2023-06-08,
2023-06-09,
2023-06-12,
2023-06-13,
2023-06-14,
2023-06-15,
2023-06-16,
2023-06-20,
2023-06-21,
2023-06-22,
2023-06-23,-0.04972375690607733
2023-06-26,
2023-06-27,
2023-06-28,0.043488347253133997
2023-06-29,
2023-06-30,
2023-07-03,
2023-07-05,
2023-07-06,
2023-07-07,
2023-07-10,
2023-07-11,
2023-07-12,
2023-07-13,
2023-07-14,
2023-07-17,
2023-07-18,
2023-07-19,
2023-07-20,
2023-07-21,
2023-07-24,
2023-07-25,
2023-07-26,
2023-07-27,
2023-07-28,
2023-07-31,
2023-08-01,
2023-08-02,
2023-08-03,
2023-08-04,
2023-08-07,
2023-08-08,
2023-08-09,
2023-08-10,
2023-08-11,-0.05203920526089867
2023-08-14,
2023-08-15,
2023-08-16,0.057952278392634504
2023-08-17,-0.07222222222222219
2023-08-18,
2023-08-21,
2023-08-22,
2023-08-23,
2023-08-24,
2023-08-25,
2023-08-28,
2023-08-29,
2023-08-30,
2023-08-31,
2023-09-01,
2023-09-05,
2023-09-06,
2023-09-07,
2023-09-08,
2023-09-11,
2023-09-12,
2023-09-13,
2023-09-14,
2023-09-15,
2023-09-18,
2023-09-19,
2023-09-20,
2023-09-21,
2023-09-22,
2023-09-25,
2023-09-26,
2023-09-27,
2023-09-28,
2023-09-29,
2023-10-02,
2023-10-03,
2023-10-04,
2023-10-05,
2023-10-06,
2023-10-09,
2023-10-10,
2023-10-11,
2023-10-12,
2023-10-13,
2023-10-16,
2023-10-17,
2023-10-18,
2023-10-19,
2023-10-20,
2023-10-23,
2023-10-24,
2023-10-25,-0.07784431137724546
2023-10-26,
2023-10-27,
2023-10-30,
2023-10-31,
2023-11-01,
2023-11-02,
2023-11-03,
2023-11-06,
2023-11-07,
2023-11-08,
2023-11-09,
2023-11-10,
2023-11-13,
2023-11-14,
2023-11-15,
2023-11-16,
2023-11-17,
2023-11-20,
2023-11-21,
2023-11-22,
2023-11-24,
2023-11-27,
2023-11-28,
2023-11-29,
2023-11-30,
2023-12-01,
2023-12-04,
2023-12-05,
2023-12-06,
2023-12-07,
2023-12-08,
2023-12-11,
2023-12-12,
2023-12-13,
2023-12-14,
2023-12-15,
2023-12-18,
2023-12-19,
2023-12-20,
2023-12-21,
2023-12-22,
2023-12-26,
2023-12-27,
2023-12-28,
2023-12-29,
2024-01-02,
2024-01-03,
2024-01-04,
2024-01-05,
2024-01-08,
2024-01-09,
2024-01-10,
2024-01-11,
2024-01-12,
2024-01-16,
2024-01-17,
2024-01-18,
2024-01-19,
2024-01-22,
2024-01-23,
2024-01-24,
2024-01-25,
2024-01-26,
2024-01-29,
2024-01-30,
2024-01-31,
2024-02-01,
2024-02-02,
2024-02-05,
2024-02-06,
2024-02-07,
2024-02-08,
2024-02-09,
2024-02-12,
2024-02-13,
2024-02-14,
2024-02-15,
2024-02-16,
2024-02-20,
2024-02-21,
2024-02-22,
2024-02-23,
2024-02-26,
2024-02-27,
2024-02-28,
2024-02-29,
2024-03-01,
2024-03-04,
2024-03-05,
2024-03-06,
2024-03-07,
2024-03-08,
2024-03-11,
2024-03-12,
2024-03-13,
2024-03-14,
2024-03-15,
2024-03-18,
2024-03-19,
2024-03-20,
2024-03-21,
2024-03-22,
2024-03-25,
2024-03-26,
2024-03-27,
2024-03-28,
2024-04-01,
2024-04-02,
2024-04-03,
2024-04-04,
2024-04-05,
2024-04-08,
2024-04-09,
2024-04-10,
2024-04-11,
2024-04-12,
2024-04-15,
2024-04-16,
2024-04-17,
2024-04-18,
2024-04-19,
2024-04-22,
2024-04-23,
2024-04-24,
2024-04-25,
2024-04-26,
2024-04-29,
2024-04-30,
2024-05-01,
2024-05-02,
2024-05-03,
2024-05-06,
2024-05-07,
2024-05-08,
2024-05-09,
2024-05-10,
2024-05-13,
2024-05-14,
2024-05-15,
2024-05-16,
2024-05-17,
2024-05-20,
2024-05-21,
2024-05-22,
2024-05-23,
2024-05-24,
2024-05-28,
2024-05-29,
2024-05-30,
2024-05-31,
2024-06-03,
2024-06-04,0.21896104688768261
2024-06-05,
2024-06-06,
2024-06-07,
2024-06-10,
2024-06-11,
2024-06-12,
2024-06-13,
2024-06-14,
2024-06-17,
2024-06-18,
2024-06-20,
2024-06-21,
2024-06-24,
2024-06-25,
2024-06-26,
2024-06-27,
2024-06-28,
2024-07-01,
2024-07-02,
2024-07-03,
2024-07-05,
2024-07-08,
2024-07-09,
2024-07-10,
2024-07-11,
2024-07-12,
2024-07-15,
2024-07-16,
2024-07-17,
2024-07-18,
2024-07-19,
2024-07-22,
2024-07-23,
2024-07-24,
2024-07-25,
2024-07-26,
2024-07-29,
2024-07-30,
2024-07-31,
2024-08-01,
2024-08-02,
2024-08-05,
2024-08-06,
2024-08-07,
2024-08-08,
2024-08-09,
2024-08-12,
2024-08-13,
2024-08-14,
2024-08-15,
2024-08-16,
2024-08-19,
2024-08-20,0.1108033396361594
2024-08-21,
2024-08-22,
2024-08-23,
2024-08-26,
2024-08-27,
2024-08-28,
2024-08-29,
2024-08-30,
2024-09-03,
2024-09-04,
2024-09-05,
2024-09-06,
2024-09-09,
2024-09-10,
2024-09-11,
2024-09-12,
2024-09-13,
2024-09-16,
2024-09-17,
2024-09-18,
2024-09-19,
2024-09-20,
2024-09-23,
2024-09-24,
2024-09-25,
2024-09-26,
2024-09-27,
2024-09-30,
